id,Synopstationsnummer,Stationsname,Länge [°E],Breite [°N],Höhe [m],Startdatum,Enddatum,Bundesland,Sonnenschein,Globalstrahlung,Synop,Verknüpfungsnummer,Startdatum Teilzeitreihe,Enddatum Teilzeitreihe,zusammengesetzt
1,,Aflenz,47.54594,15.24069,783.2,1983-05-01 00:00:00+00:00,2100-12-31 00:00:00+00:00,Steiermark,True,True,,,,,ja
2,,Aigen im Ennstal,47.53278,14.13826,641.0,1993-02-01 00:00:00+00:00,2100-12-31 00:00:00+00:00,Steiermark,True,True,,,,,ja
3,,Allentsteig,48.69083,15.36694,598.8,1992-10-01 00:00:00+00:00,2100-12-31 00:00:00+00:00,Niederösterreich,True,True,,,,,ja
4,,Amstetten,48.10889,14.895,266.0,1993-02-01 00:00:00+00:00,2100-12-31 00:00:00+00:00,Niederösterreich,True,True,,,,,ja
5,,Bad Aussee,47.6105,13.75844,743.1,1983-09-01 00:00:00+00:00,2100-12-31 00:00:00+00:00,Steiermark,True,False,,,,,ja
6,,Bad Bleiberg,46.62528,13.68444,908.7,2007-10-01 00:00:00+00:00,2100-12-31 00:00:00+00:00,Kärnten,True,True,,,,,ja
7,,Bad Gastein,47.11056,13.13336,1092.0,2010-01-01 00:00:00+00:00,2100-12-31 00:00:00+00:00,Salzburg,True,True,,,,,ja
8,,Bad Gleichenberg,46.87222,15.90361,269.0,2003-04-19 00:00:00+00:00,2100-12-31 00:00:00+00:00,Steiermark,True,True,,,,,ja
9,,Bad Goisern,47.62194,13.64472,538.0,1995-01-01 00:00:00+00:00,2100-12-31 00:00:00+00:00,Oberösterreich,True,True,,,,,ja
10,,Bad Mitterndorf,47.55333,13.93472,814.0,1983-11-01 00:00:00+00:00,2100-12-31 00:00:00+00:00,Steiermark,True,True,,,,,ja
11,,Bad Radkersburg,46.69222,15.99333,207.0,1992-08-01 00:00:00+00:00,2100-12-31 00:00:00+00:00,Steiermark,True,True,,,,,ja
12,,Baden,48.011391,16.235556,244.8,1982-12-01 00:00:00+00:00,2012-05-31 23:59:59+00:00,Niederösterreich,True,False,,,,,ja
13,,Bernstein,47.40833,16.26139,630.8,2008-01-01 00:00:00+00:00,2100-12-31 00:00:00+00:00,Burgenland,True,True,,,,,ja
14,,Bischofshofen,47.40667,13.22111,549.9,1996-09-01 00:00:00+00:00,2100-12-31 00:00:00+00:00,Salzburg,True,True,,,,,ja
15,,Bregenz,47.49917,9.74611,424.0,2008-01-01 00:00:00+00:00,2100-12-31 00:00:00+00:00,Vorarlberg,True,True,,,,,ja
16,,Brenner,47.00722,11.51083,1412.0,1993-01-01 00:00:00+00:00,2100-12-31 00:00:00+00:00,Tirol,True,True,,,,,ja
17,,Bruck an der Mur,47.40556,15.24972,482.0,2005-01-01 00:00:00+00:00,2100-12-31 00:00:00+00:00,Steiermark,True,True,,,,,ja
18,,Bruckneudorf,48.01278,16.845,165.6,2008-01-01 00:00:00+00:00,2100-12-31 00:00:00+00:00,Burgenland,True,True,,,,,ja
19,,Dellach,46.74189,13.08286,628.2,1983-05-01 00:00:00+00:00,2100-12-31 00:00:00+00:00,Kärnten,True,False,,,,,ja
20,,Ehrwald,47.40417,10.92,982.0,2008-01-01 00:00:00+00:00,2100-12-31 00:00:00+00:00,Tirol,True,True,,,,,ja
21,,Bad Eisenkappel,46.49056,14.59333,623.0,1983-01-01 00:00:00+00:00,2100-12-31 00:00:00+00:00,Kärnten,True,True,,,,,ja
22,,Eisenstadt Nordost,47.85417,16.53833,184.0,1989-01-01 00:00:00+00:00,2100-12-31 00:00:00+00:00,Burgenland,True,True,,,,,ja
23,,Enns,48.19583,14.45028,317.0,2008-07-01 00:00:00+00:00,2100-12-31 00:00:00+00:00,Oberösterreich,True,True,,,,,ja
24,,Feldkirch,47.27111,9.60972,438.4,1995-01-01 00:00:00+00:00,2100-12-31 00:00:00+00:00,Vorarlberg,True,True,,,,,ja
25,,Fischbach,47.44417,15.64389,1034.4,1996-01-01 00:00:00+00:00,2100-12-31 00:00:00+00:00,Steiermark,True,True,,,,,ja
26,,Freistadt,48.49472,14.50639,539.0,1992-01-01 00:00:00+00:00,2100-12-31 00:00:00+00:00,Oberösterreich,True,True,,,,,ja
27,,Gallspach,48.20422,13.82506,425.9,2012-04-16 00:00:00+00:00,2100-12-31 00:00:00+00:00,Oberösterreich,True,False,,,,,ja
28,,Galtür,46.96806,10.18556,1587.0,1996-12-01 00:00:00+00:00,2100-12-31 00:00:00+00:00,Tirol,True,True,,,,,ja
29,,Gmunden,47.91472,13.8075,424.4,1982-08-13 00:00:00+00:00,2016-04-26 23:59:59+00:00,Oberösterreich,True,True,,,,,ja
30,,Graz Universität/Heinrichstraße,47.08,15.448056,366.0,1988-06-01 00:00:00+00:00,2100-12-31 00:00:00+00:00,Steiermark,False,False,,,,,ja
31,,Groß-Enzersdorf,48.19975,16.55917,154.3,1991-01-01 00:00:00+00:00,2100-12-31 00:00:00+00:00,Niederösterreich,True,True,,,,,ja
32,,Gumpoldskirchen,48.03583,16.28083,212.0,1990-11-01 00:00:00+00:00,2100-12-31 00:00:00+00:00,Niederösterreich,True,True,,,,,ja
36,,Hohe Wand/Hochkogelhaus,47.82222,16.035,936.9,1993-08-01 00:00:00+00:00,2100-12-31 00:00:00+00:00,Niederösterreich,True,True,,,,,ja
37,,Schöngrabern,48.60333,16.06167,253.0,2008-01-01 00:00:00+00:00,2100-12-31 00:00:00+00:00,Niederösterreich,True,True,,,,,ja
38,,Imst,47.23694,10.74222,773.0,2008-01-01 00:00:00+00:00,2100-12-31 00:00:00+00:00,Tirol,True,True,,,,,ja
39,,Innsbruck Universität,47.25986,11.38425,578.0,1987-01-01 00:00:00+00:00,2100-12-31 00:00:00+00:00,Tirol,True,True,,,,,ja
40,,Irdning-Gumpenstein,47.49506,14.09967,697.1,1993-02-01 00:00:00+00:00,2100-12-31 00:00:00+00:00,Steiermark,True,True,,,,,ja
42,,Jenbach,47.389999,11.755278,530.0,1994-07-01 00:00:00+00:00,2021-10-22 23:59:59+00:00,Tirol,False,False,,,,,ja
43,,Kals,47.00478,12.6465,1352.4,2007-08-01 00:00:00+00:00,2100-12-31 00:00:00+00:00,Tirol,True,True,,,,,ja
44,,Kalwang,47.42126,14.75961,743.6,1994-04-01 00:00:00+00:00,2100-12-31 00:00:00+00:00,Steiermark,True,True,,,,,ja
46,,Krems,48.41861,15.62222,202.0,1996-04-01 00:00:00+00:00,2100-12-31 00:00:00+00:00,Niederösterreich,True,True,,,,,ja
47,,Krimml,47.22911,12.18197,1008.8,1997-09-01 00:00:00+00:00,2100-12-31 00:00:00+00:00,Salzburg,True,True,,,,,ja
48,,Klagenfurt Flughafen,46.64833,14.31833,450.0,1991-04-01 00:00:00+00:00,2100-12-31 00:00:00+00:00,Kärnten,True,True,,,,,ja
49,,Kleinzicken,47.2075,16.326667,263.0,1993-05-01 00:00:00+00:00,2100-12-31 00:00:00+00:00,Burgenland,True,True,,,,,ja
50,,Landeck,47.14025,10.56364,795.6,1993-07-01 00:00:00+00:00,2100-12-31 00:00:00+00:00,Tirol,True,True,,,,,ja
51,,Langenlebarn,48.32389,16.11806,175.3,1992-10-01 00:00:00+00:00,2100-12-31 00:00:00+00:00,Niederösterreich,True,True,,,,,ja
52,,Langenlois,48.4725,15.69722,207.0,1989-11-01 00:00:00+00:00,2100-12-31 00:00:00+00:00,Niederösterreich,True,True,,,,,ja
53,,Laßnitzhöhe,47.07361,15.59222,530.0,1990-02-01 00:00:00+00:00,2100-12-31 00:00:00+00:00,Steiermark,True,True,,,,,ja
54,,Leibnitz-Wagna,46.76739,15.55289,267.9,2003-11-01 00:00:00+00:00,2100-12-31 00:00:00+00:00,Steiermark,True,True,,,,,ja
55,,Lienz,46.82555,12.80639,661.0,1985-12-01 00:00:00+00:00,2100-12-31 00:00:00+00:00,Tirol,True,True,,,,,ja
56,,Linz Stadt,48.29639,14.28528,262.0,1992-07-01 00:00:00+00:00,2100-12-31 00:00:00+00:00,Oberösterreich,True,True,,,,,ja
57,,Litschau,48.95464,15.03831,557.6,1983-11-01 00:00:00+00:00,2100-12-31 00:00:00+00:00,Niederösterreich,True,True,,,,,ja
58,,Lutzmannsburg,47.46528,16.64556,200.8,1995-11-01 00:00:00+00:00,2100-12-31 00:00:00+00:00,Burgenland,True,True,,,,,ja
59,,Mariazell/St.Sebastian Flugfeld,47.78917,15.30222,864.0,2001-01-01 00:00:00+00:00,2100-12-31 00:00:00+00:00,Steiermark,True,True,,,,,ja
60,,Mattsee,47.97722,13.10556,502.0,1985-12-01 00:00:00+00:00,2100-12-31 00:00:00+00:00,Salzburg,True,True,,,,,ja
61,,Mayrhofen,47.1625,11.85139,640.0,1992-09-01 00:00:00+00:00,2100-12-31 00:00:00+00:00,Tirol,True,True,,,,,ja
62,,Millstatt,46.80806,13.57278,721.0,1982-06-25 00:00:00+00:00,2100-12-31 00:00:00+00:00,Kärnten,True,True,,,,,ja
63,,Mönichkirchen,47.51111,16.03333,991.0,1983-07-01 00:00:00+00:00,2100-12-31 00:00:00+00:00,Niederösterreich,True,True,,,,,ja
64,,Neumarkt,47.06972,14.42472,869.0,1993-08-01 00:00:00+00:00,2100-12-31 00:00:00+00:00,Steiermark,True,True,,,,,ja
65,,Neusiedl am See,47.94917,16.82889,117.0,1984-08-01 00:00:00+00:00,2100-12-31 00:00:00+00:00,Burgenland,True,True,,,,,ja
66,,Obergurgl,46.86694,11.02444,1941.0,1999-01-01 00:00:00+00:00,2100-12-31 00:00:00+00:00,Tirol,True,True,,,,,ja
67,,Leiser Berge,48.55889,16.37167,456.5,1998-04-01 00:00:00+00:00,2100-12-31 00:00:00+00:00,Niederösterreich,True,True,,,,,ja
68,,Obertauern,47.24889,13.55972,1772.0,1984-09-01 00:00:00+00:00,2100-12-31 00:00:00+00:00,Salzburg,True,True,,,,,ja
69,,Obervellach,46.93528,13.19444,688.0,1986-12-01 00:00:00+00:00,2100-12-31 00:00:00+00:00,Kärnten,True,True,,,,,ja
70,,Poysdorf-Ost,48.66917,16.6375,198.0,1992-01-01 00:00:00+00:00,2100-12-31 00:00:00+00:00,Niederösterreich,True,True,,,,,ja
71,,Preitenegg,46.938333,14.920278,1059.0,1994-01-01 00:00:00+00:00,2100-12-31 00:00:00+00:00,Kärnten,True,True,,,,,ja
72,,Puchberg am Schneeberg,47.79028,15.90694,582.8,1983-01-01 00:00:00+00:00,2100-12-31 00:00:00+00:00,Niederösterreich,True,True,,,,,ja
73,,Radstadt-Tandalier,47.38,13.44083,835.0,1995-01-01 00:00:00+00:00,2100-12-31 00:00:00+00:00,Salzburg,True,True,,,,,ja
75,,Ranshofen Braunau,48.22417,13.02833,382.0,1994-07-01 00:00:00+00:00,2100-12-31 00:00:00+00:00,Oberösterreich,True,True,,,,,ja
76,,Reutte,47.49444,10.71528,841.8,1994-08-01 00:00:00+00:00,2100-12-31 00:00:00+00:00,Tirol,True,True,,,,,ja
77,,Rohrbach,48.56722,14.00444,613.0,1994-08-01 00:00:00+00:00,2100-12-31 00:00:00+00:00,Oberösterreich,True,True,,,,,ja
78,,Rauris,47.22353,12.99262,933.8,1993-06-01 00:00:00+00:00,2100-12-31 00:00:00+00:00,Salzburg,True,True,,,,,ja
80,,Reichenau an der Rax,47.69972,15.83694,488.0,1983-01-01 00:00:00+00:00,2100-12-31 00:00:00+00:00,Niederösterreich,True,True,,,,,ja
81,,Retz Windmühle,48.76111,15.94167,320.0,1994-01-01 00:00:00+00:00,2100-12-31 00:00:00+00:00,Niederösterreich,True,True,,,,,ja
82,,Rudolfshütte,47.13492,12.62594,2317.0,1992-12-01 00:00:00+00:00,2100-12-31 00:00:00+00:00,Salzburg,True,True,,,,,ja
83,,Saalbach,47.38789,12.64844,974.6,2009-01-01 00:00:00+00:00,2100-12-31 00:00:00+00:00,Salzburg,True,True,,,,,ja
85,,Schmittenhöhe,47.32872,12.73794,1955.6,1983-10-01 00:00:00+00:00,2100-12-31 00:00:00+00:00,Salzburg,True,True,,,,,ja
86,,Schöckl,47.19861,15.46639,1443.0,1993-01-01 00:00:00+00:00,2100-12-31 00:00:00+00:00,Steiermark,True,True,,,,,ja
87,,Seefeld,47.32478,11.17542,1181.9,1997-06-01 00:00:00+00:00,2100-12-31 00:00:00+00:00,Tirol,True,True,,,,,ja
88,,Semmering,47.63325,15.82839,987.6,1998-11-01 00:00:00+00:00,2100-12-31 00:00:00+00:00,Niederösterreich,True,True,,,,,ja
89,,Stift Zwettl,48.61778,15.20361,502.4,1994-08-01 00:00:00+00:00,2100-12-31 00:00:00+00:00,Niederösterreich,True,True,,,,,ja
90,,St.Andrä im Lavanttal,46.76417,14.82806,403.0,1993-03-11 00:00:00+00:00,2100-12-31 00:00:00+00:00,Kärnten,True,True,,,,,ja
91,,Feistritz ob Bleiburg,46.561389,14.765,523.0,2007-09-01 00:00:00+00:00,2100-12-31 00:00:00+00:00,Kärnten,True,True,,,,,ja
92,,St.Michael im Lungau,47.09447,13.62269,1051.9,2008-11-01 00:00:00+00:00,2100-12-31 00:00:00+00:00,Salzburg,True,True,,,,,ja
93,,St.Pölten Landhaus,48.19972,15.63111,273.6,1994-01-01 00:00:00+00:00,2100-12-31 00:00:00+00:00,Niederösterreich,True,True,,,,,ja
94,,St.Radegund,47.18211,15.48978,726.3,1986-04-01 00:00:00+00:00,2100-12-31 00:00:00+00:00,Steiermark,True,True,,,,,ja
95,,St.Veit an der Glan,46.73917,14.38556,462.6,2008-01-01 00:00:00+00:00,2100-12-31 00:00:00+00:00,Kärnten,True,True,,,,,ja
97,,Stolzalpe,47.12303,14.18822,1291.0,2007-07-24 00:00:00+00:00,2100-12-31 00:00:00+00:00,Steiermark,True,True,,,,,ja
98,,Tamsweg,47.13306,13.80833,1025.0,2008-10-01 00:00:00+00:00,2100-12-31 00:00:00+00:00,Salzburg,True,True,,,,,ja
100,,Villach Stadt,46.61806,13.87389,493.0,1993-12-01 00:00:00+00:00,2100-12-31 00:00:00+00:00,Kärnten,True,True,,,,,ja
101,,Waidhofen an der Ybbs,47.94556,14.80972,384.0,2004-12-01 00:00:00+00:00,2100-12-31 00:00:00+00:00,Niederösterreich,True,True,,,,,ja
102,,Weißensee-Gatschach,46.71861,13.28583,949.0,1982-11-01 00:00:00+00:00,2100-12-31 00:00:00+00:00,Kärnten,True,True,,,,,ja
103,,Weitensfeld,46.84917,14.19083,704.0,2008-01-01 00:00:00+00:00,2100-12-31 00:00:00+00:00,Kärnten,True,True,,,,,ja
104,,Weyer,47.85719,14.66572,426.1,2007-09-01 00:00:00+00:00,2100-12-31 00:00:00+00:00,Oberösterreich,True,True,,,,,ja
105,,Wien Hohe Warte,48.24861,16.35639,198.0,1993-01-01 00:00:00+00:00,2100-12-31 00:00:00+00:00,Wien,True,True,,,,,ja
106,,Wien Mariabrunn,48.20694,16.22944,225.0,1997-01-16 00:00:00+00:00,2100-12-31 00:00:00+00:00,Wien,True,True,,,,,ja
107,,Wien Unterlaa,48.125,16.41944,200.0,1996-01-01 00:00:00+00:00,2100-12-31 00:00:00+00:00,Wien,True,True,,,,,ja
108,,Windischgarsten,47.72028,14.32611,599.9,1983-10-07 00:00:00+00:00,2100-12-31 00:00:00+00:00,Oberösterreich,True,False,,,,,ja
109,,St.Wolfgang,47.74028,13.44194,544.0,1990-02-01 00:00:00+00:00,2100-12-31 00:00:00+00:00,Oberösterreich,True,False,,,,,ja
111,,Wolfsegg,48.10542,13.67092,635.1,1995-06-01 00:00:00+00:00,2100-12-31 00:00:00+00:00,Oberösterreich,True,True,,,,,ja
112,,Wiener Neustadt Flugplatz,47.83233,16.23147,275.0,1993-02-01 00:00:00+00:00,2100-12-31 00:00:00+00:00,Niederösterreich,True,True,,,,,ja
113,,Zell am See,47.29,12.78639,754.0,1984-07-13 00:00:00+00:00,2100-12-31 00:00:00+00:00,Salzburg,True,False,,,,,ja
115,,Zeltweg,47.19983,14.74689,677.6,1992-06-01 00:00:00+00:00,2100-12-31 00:00:00+00:00,Steiermark,True,True,,,,,ja
116,,Deutschlandsberg,46.82167,15.22694,354.0,1995-08-01 00:00:00+00:00,2100-12-31 00:00:00+00:00,Steiermark,True,True,,,,,ja
117,,Brand,47.10306,9.73833,1029.0,2001-06-01 00:00:00+00:00,2100-12-31 00:00:00+00:00,Vorarlberg,True,True,,,,,ja
118,,Kitzbühel,47.44389,12.38917,772.0,2007-02-01 00:00:00+00:00,2100-12-31 00:00:00+00:00,Tirol,True,True,,,,,ja
119,,St.Anton am Arlberg,47.13139,10.26667,1304.1,2008-01-01 00:00:00+00:00,2100-12-31 00:00:00+00:00,Tirol,True,True,,,,,ja
120,,Ferlach,46.53111,14.31417,459.1,2008-01-01 00:00:00+00:00,2100-12-31 00:00:00+00:00,Kärnten,True,True,,,,,ja
121,,Nauders,46.89111,10.49694,1330.2,2004-08-01 00:00:00+00:00,2100-12-31 00:00:00+00:00,Tirol,True,True,,,,,ja
122,,Kanzelhöhe,46.67722,13.90194,1520.0,2002-01-01 00:00:00+00:00,2100-12-31 00:00:00+00:00,Kärnten,True,True,,,,,ja
124,,Seckau,47.27083,14.77861,872.0,2002-02-01 00:00:00+00:00,2100-12-31 00:00:00+00:00,Steiermark,True,True,,,,,ja
125,,Kohlreithberg,48.175835,15.935278,490.0,2001-07-01 00:00:00+00:00,2010-06-17 23:59:59+00:00,Niederösterreich,True,True,,,,,ja
126,,Haiming,47.25972,10.88944,659.0,2007-08-20 00:00:00+00:00,2100-12-31 00:00:00+00:00,Tirol,True,True,,,,,ja
127,,Rinn,47.24917,11.50389,924.1,2008-01-01 00:00:00+00:00,2100-12-31 00:00:00+00:00,Tirol,True,True,,,,,ja
129,,Lofer Ort,47.58444,12.69528,622.0,2000-11-01 00:00:00+00:00,2100-12-31 00:00:00+00:00,Salzburg,True,True,,,,,ja
130,,Sillian,46.74644,12.42358,1081.4,1999-10-01 00:00:00+00:00,2100-12-31 00:00:00+00:00,Tirol,True,True,,,,,ja
131,,Salzburg Flughafen,47.78944,13.00861,430.0,1939-03-01 00:00:00+00:00,2100-12-31 00:00:00+00:00,Salzburg,True,True,,,,,ja
132,,Bad Ischl,47.70619,13.64714,506.7,2007-07-01 00:00:00+00:00,2100-12-31 00:00:00+00:00,Oberösterreich,True,True,,,,,ja
133,,Fraxern,47.31417,9.67444,807.0,2004-01-01 00:00:00+00:00,2100-12-31 00:00:00+00:00,Vorarlberg,True,True,,,,,ja
134,,Gänserndorf Stadt,48.33778,16.71361,163.0,2004-01-01 00:00:00+00:00,2100-12-31 00:00:00+00:00,Niederösterreich,True,True,,,,,ja
136,,Umhausen,47.13917,10.92889,1035.0,2003-10-01 00:00:00+00:00,2100-12-31 00:00:00+00:00,Tirol,True,True,,,,,ja
137,,Döllach,46.95806,12.9025,1071.0,2004-06-01 00:00:00+00:00,2100-12-31 00:00:00+00:00,Kärnten,True,True,,,,,ja
138,,Prutz,47.06861,10.66472,871.0,2004-12-01 00:00:00+00:00,2100-12-31 00:00:00+00:00,Tirol,True,True,,,,,ja
139,,Steinach am Brenner,47.09833,11.46611,1036.0,2008-01-01 00:00:00+00:00,2100-12-31 00:00:00+00:00,Tirol,True,True,,,,,ja
140,,Bad Tatzmannsdorf,47.33797,16.22497,347.2,2004-09-17 00:00:00+00:00,2100-12-31 00:00:00+00:00,Burgenland,True,False,,,,,ja
141,,Ried im Innkreis,48.21722,13.475,427.0,1998-01-01 00:00:00+00:00,2100-12-31 00:00:00+00:00,Oberösterreich,True,True,,,,,ja
142,,Kufstein,47.57528,12.16278,490.0,2003-01-01 00:00:00+00:00,2100-12-31 00:00:00+00:00,Tirol,True,True,,,,,ja
144,,Micheldorf,47.88388,14.117222,446.0,2008-08-01 00:00:00+00:00,2100-12-31 00:00:00+00:00,Oberösterreich,True,True,,,,,ja
145,,Salzburg Freisaal,47.79111,13.05417,419.0,2006-01-01 00:00:00+00:00,2100-12-31 00:00:00+00:00,Salzburg,True,True,,,,,ja
146,,Holzgau,47.25758,10.33867,1092.0,2008-01-01 00:00:00+00:00,2100-12-31 00:00:00+00:00,Tirol,True,True,,,,,ja
147,,Gröbming,47.44678,13.90422,765.5,2001-10-01 00:00:00+00:00,2100-12-31 00:00:00+00:00,Steiermark,True,True,,,,,ja
148,,Weitra,48.70222,14.89861,571.9,2005-01-01 00:00:00+00:00,2100-12-31 00:00:00+00:00,Niederösterreich,True,True,,,,,ja
149,,Mallnitz,46.99194,13.16667,1197.0,2002-08-01 00:00:00+00:00,2100-12-31 00:00:00+00:00,Kärnten,True,True,,,,,ja
150,,Spittal an der Drau,46.7905,13.48725,541.7,2004-11-01 00:00:00+00:00,2100-12-31 00:00:00+00:00,Kärnten,True,True,,,,,ja
151,,Achenkirch,47.49944,11.70667,931.0,1998-07-01 00:00:00+00:00,2100-12-31 00:00:00+00:00,Tirol,True,True,,,,,ja
152,,Laa an der Thaya Kläranlage,48.73139,16.38972,184.0,2008-01-01 00:00:00+00:00,2100-12-31 00:00:00+00:00,Niederösterreich,True,True,,,,,ja
153,,Präbichl,47.52158,14.95416,1215.2,2000-09-13 00:00:00+00:00,2100-12-31 00:00:00+00:00,Steiermark,True,True,,,,,ja
154,,Fürstenfeld,47.03083,16.08083,271.0,2007-07-01 00:00:00+00:00,2100-12-31 00:00:00+00:00,Steiermark,True,True,,,,,ja
155,,Oberndorf an der Melk,48.06239,15.21381,295.1,2008-01-01 00:00:00+00:00,2100-12-31 00:00:00+00:00,Niederösterreich,True,True,,,,,ja
156,,St.Johann im Pongau,47.31981,13.18672,634.2,2008-03-01 00:00:00+00:00,2100-12-31 00:00:00+00:00,Salzburg,False,False,,,,,ja
157,,Kollerschlag,48.60278,13.83917,714.0,2008-06-17 00:00:00+00:00,2100-12-31 00:00:00+00:00,Oberösterreich,True,True,,,,,ja
158,,Hohenau,48.605835,16.913055,151.0,2007-07-01 00:00:00+00:00,2100-12-31 00:00:00+00:00,Niederösterreich,True,True,,,,,ja
159,,Reichersberg,48.33111,13.37611,351.0,2008-07-01 00:00:00+00:00,2100-12-31 00:00:00+00:00,Oberösterreich,True,True,,,,,ja
160,,Waizenkirchen,48.32656,13.86458,400.2,2008-07-01 00:00:00+00:00,2100-12-31 00:00:00+00:00,Oberösterreich,True,True,,,,,ja
161,,Reichenau am Mühlkreis,48.45917,14.34556,689.1,2008-08-01 00:00:00+00:00,2100-12-31 00:00:00+00:00,Oberösterreich,True,True,,,,,ja
162,,Aspach,48.18306,13.3,427.0,2009-07-08 00:00:00+00:00,2100-12-31 00:00:00+00:00,Oberösterreich,True,True,,,,,ja
163,,Mondsee,47.85083,13.34722,480.5,2009-01-01 00:00:00+00:00,2100-12-31 00:00:00+00:00,Oberösterreich,True,True,,,,,ja
164,,Berndorf,47.93917,16.10111,337.0,2008-01-01 00:00:00+00:00,2100-12-31 00:00:00+00:00,Niederösterreich,True,True,,,,,ja
165,,Abtenau,47.56667,13.34333,709.0,2008-06-25 00:00:00+00:00,2100-12-31 00:00:00+00:00,Salzburg,True,True,,,,,ja
166,,Hall bei Admont,47.59444,14.49083,637.0,2008-01-01 00:00:00+00:00,2100-12-31 00:00:00+00:00,Steiermark,True,True,,,,,ja
167,,Mürzzuschlag,47.60222,15.67278,705.2,2009-01-01 00:00:00+00:00,2100-12-31 00:00:00+00:00,Steiermark,True,True,,,,,ja
169,,Pottschach,47.70083,16.00806,416.4,2008-01-01 00:00:00+00:00,2100-12-31 00:00:00+00:00,Niederösterreich,True,True,,,,,ja
170,,Aspang,47.575,16.10139,454.0,2008-01-01 00:00:00+00:00,2100-12-31 00:00:00+00:00,Niederösterreich,True,True,,,,,ja
171,,Dornbirn,47.4325,9.72556,407.3,1992-04-01 00:00:00+00:00,2100-12-31 00:00:00+00:00,Vorarlberg,True,True,,,,,ja
172,,Schoppernau,47.31139,10.01778,839.0,2008-01-01 00:00:00+00:00,2100-12-31 00:00:00+00:00,Vorarlberg,True,True,,,,,ja
173,,Schröcken,47.26167,10.08611,1244.0,2007-12-01 00:00:00+00:00,2100-12-31 00:00:00+00:00,Vorarlberg,True,True,,,,,ja
174,,Mittelberg,47.32333,10.1525,1204.0,2009-06-01 00:00:00+00:00,2100-12-31 00:00:00+00:00,Vorarlberg,True,True,,,,,ja
175,,Innsbruck Flughafen,47.25999,11.35667,578.0,2008-01-01 00:00:00+00:00,2100-12-31 00:00:00+00:00,Tirol,True,True,,,,,ja
176,,Hahnenkamm-Ehrenbachhöhe,47.41831,12.35928,1793.8,1992-11-13 00:00:00+00:00,2100-12-31 00:00:00+00:00,Tirol,True,True,,,,,ja
178,,Hochfilzen,47.47028,12.62111,961.9,2007-11-27 00:00:00+00:00,2100-12-31 00:00:00+00:00,Tirol,True,True,,,,,ja
179,,Ramsau am Dachstein,47.42514,13.63428,1206.8,1991-01-01 00:00:00+00:00,2100-12-31 00:00:00+00:00,Steiermark,True,True,,,,,ja
180,,Rechnitz,47.30139,16.45417,307.5,2006-12-01 00:00:00+00:00,2100-12-31 00:00:00+00:00,Burgenland,True,False,,,,,ja
181,,Bludenz,47.14778,9.82944,571.0,2007-08-01 00:00:00+00:00,2100-12-31 00:00:00+00:00,Vorarlberg,True,True,,,,,ja
182,,Oberwölz,47.20206,14.28669,842.1,2007-08-01 00:00:00+00:00,2100-12-31 00:00:00+00:00,Steiermark,True,True,,,,,ja
183,,Güssing,47.0625,16.32186,215.3,2008-07-01 00:00:00+00:00,2100-12-31 00:00:00+00:00,Burgenland,True,True,,,,,ja
184,,Pitztaler Gletscher,46.92706,10.87914,2863.9,1994-01-01 00:00:00+00:00,2100-12-31 00:00:00+00:00,Tirol,True,True,,,,,ja
185,,St.Jakob im Defereggental,46.91694,12.35389,1383.0,2007-09-01 00:00:00+00:00,2100-12-31 00:00:00+00:00,Tirol,True,True,,,,,ja
186,,Flattnitz,46.94083,14.03611,1437.2,2007-07-01 00:00:00+00:00,2100-12-31 00:00:00+00:00,Kärnten,True,True,,,,,ja
187,,Friesach,46.95861,14.40583,640.0,2008-01-01 00:00:00+00:00,2100-12-31 00:00:00+00:00,Kärnten,True,True,,,,,ja
188,,Völkermarkt-Goldbrunnhof,46.670834,14.639167,466.0,2008-07-23 00:00:00+00:00,2100-12-31 00:00:00+00:00,Kärnten,True,True,,,,,ja
189,,Melk,48.20972,15.33139,307.0,2008-09-25 00:00:00+00:00,2100-12-31 00:00:00+00:00,Niederösterreich,True,True,,,,,ja
190,,Frankenmarkt,47.99139,13.42306,565.0,2004-03-01 00:00:00+00:00,2017-03-25 23:59:59+00:00,Oberösterreich,False,True,,,,,ja
192,,Wachtberg bei Steyr,48.0475,14.46111,384.0,2008-08-01 00:00:00+00:00,2100-12-31 00:00:00+00:00,Niederösterreich,True,True,,,,,ja
193,,Jauerling,48.33447,15.33911,955.0,1995-07-01 00:00:00+00:00,2100-12-31 00:00:00+00:00,Niederösterreich,True,True,,,,,ja
196,,Patscherkofel,47.20889,11.46222,2251.0,2008-01-01 00:00:00+00:00,2100-12-31 00:00:00+00:00,Tirol,True,True,,,,,ja
197,,Seibersdorf,47.9765,16.50489,185.0,1982-06-21 00:00:00+00:00,2100-12-31 00:00:00+00:00,Niederösterreich,True,True,,,,,ja
198,,Pörtschach,46.63083,14.16528,450.0,1982-10-01 00:00:00+00:00,2100-12-31 00:00:00+00:00,Kärnten,True,True,,,,,ja
199,,Horn Wasserwerk,48.674999,15.643888,308.0,2007-07-01 00:00:00+00:00,2100-12-31 00:00:00+00:00,Niederösterreich,True,True,,,,,ja
200,,Gleisdorf,47.11556,15.70806,377.3,2008-01-01 00:00:00+00:00,2100-12-31 00:00:00+00:00,Steiermark,True,True,,,,,ja
201,,Weiz,47.218334,15.634444,465.7,2007-12-01 00:00:00+00:00,2013-05-31 23:59:59+00:00,Steiermark,True,True,,,,,ja
202,,Wörterberg,47.22619,16.09678,403.6,2008-01-01 00:00:00+00:00,2100-12-31 00:00:00+00:00,Burgenland,True,True,,,,,ja
203,,Fresach,46.71528,13.68528,683.0,2008-10-01 00:00:00+00:00,2100-12-31 00:00:00+00:00,Kärnten,True,True,,,,,ja
204,,Kremsmünster,48.055,14.13111,382.0,2009-01-01 00:00:00+00:00,2100-12-31 00:00:00+00:00,Oberösterreich,True,True,,,,,ja
205,,Feuerkogel,47.81667,13.71778,1618.0,2009-01-01 00:00:00+00:00,2100-12-31 00:00:00+00:00,Oberösterreich,True,True,,,,,ja
206,,Loibl Tunnel,46.44389,14.24917,1096.9,2008-01-01 00:00:00+00:00,2100-12-31 00:00:00+00:00,Kärnten,True,True,,,,,ja
210,,St.Leonhard im Pitztal,47.02722,10.86556,1454.4,2008-01-01 00:00:00+00:00,2100-12-31 00:00:00+00:00,Tirol,True,True,,,,,ja
213,,Sonnblick,47.05417,12.9575,3109.0,2009-01-01 00:00:00+00:00,2100-12-31 00:00:00+00:00,Salzburg,True,True,,,,,ja
214,,Söll,47.50306,12.20028,697.0,2015-07-01 00:00:00+00:00,2100-12-31 00:00:00+00:00,Tirol,True,True,,,,,ja
215,,Gars am Kamp,48.59194,15.7,273.0,1999-03-10 00:00:00+00:00,2100-12-31 00:00:00+00:00,Niederösterreich,True,True,,,,,ja
217,,Kapfenberg Flugfeld,47.45833,15.33556,515.0,1997-03-01 00:00:00+00:00,2100-12-31 00:00:00+00:00,Steiermark,True,True,,,,,ja
218,,Andau,47.77,17.03556,117.0,1995-08-01 00:00:00+00:00,2100-12-31 00:00:00+00:00,Burgenland,True,True,,,,,ja
222,,Wolkersdorf,48.388056,16.508889,174.0,2023-06-19 09:00:00+00:00,2100-12-31 00:00:00+00:00,Niederösterreich,True,True,,,,,ja
500,11021,Litschau,48.95464,15.03831,557.6,1992-08-29 00:10:00+00:00,2100-12-31 00:00:00+00:00,Niederösterreich,True,True,,57,1983-11-01 00:00:00+00:00,,nein
726,11047,Raabs an der Thaya,48.84806,15.50194,458.5,2006-01-01 00:00:00+00:00,2100-12-31 00:00:00+00:00,Niederösterreich,True,True,,,,,nein
905,11022,Retz,48.76111,15.94167,320.0,1993-11-11 15:00:00+00:00,2100-12-31 00:00:00+00:00,Niederösterreich,True,True,,81,1994-01-01 00:00:00+00:00,,nein
1401,11007,Kollerschlag,48.60278,13.83917,714.0,2006-01-01 00:00:00+00:00,2100-12-31 00:00:00+00:00,Oberösterreich,True,True,,157,2008-06-17 00:00:00+00:00,,nein
1415,11008,Rohrbach,48.56961,13.99406,596.9,1994-06-29 12:10:00+00:00,2021-07-02 07:30:00+00:00,Oberösterreich,True,True,,77,1994-08-01 00:00:00+00:00,2021-10-14 23:59:59+00:00,nein
1416,11008,Rohrbach,48.56722,14.00444,613.0,2021-10-13 15:40:00+00:00,2100-12-31 00:00:00+00:00,Oberösterreich,True,True,,77,2021-10-15 00:00:00+00:00,,nein
1601,11015,Freistadt,48.506111,14.506111,549.0,1992-08-29 00:10:00+00:00,2014-08-04 00:00:00+00:00,Oberösterreich,True,True,,26,1992-01-01 00:00:00+00:00,2014-06-30 23:59:59+00:00,nein
1602,11068,Freistadt,48.49472,14.50639,539.0,2006-01-01 00:00:00+00:00,2100-12-31 00:00:00+00:00,Oberösterreich,True,True,,26,2014-07-01 00:00:00+00:00,,nein
1730,8989083,Schwarzau im Freiwald,48.668056,14.739445,788.0,2022-10-07 18:00:00+00:00,2100-12-31 00:00:00+00:00,Niederösterreich,False,False,,,,,nein
1802,11025,Weitra,48.70222,14.89861,571.9,2003-08-21 12:10:00+00:00,2100-12-31 00:00:00+00:00,Niederösterreich,True,True,,148,2005-01-01 00:00:00+00:00,,nein
1906,11019,Allentsteig,48.69083,15.36694,598.8,1992-11-05 11:20:00+00:00,2100-12-31 00:00:00+00:00,Niederösterreich,True,True,,3,1992-10-01 00:00:00+00:00,,nein
1920,11020,Stift Zwettl,48.61778,15.20361,502.4,1994-09-30 12:20:00+00:00,2100-12-31 00:00:00+00:00,Niederösterreich,True,True,,89,1994-08-01 00:00:00+00:00,,nein
2114,11388,Horn,48.67056,15.65361,318.4,2006-01-01 00:00:00+00:00,2020-10-06 05:40:00+00:00,Niederösterreich,True,True,,199,2007-07-01 00:00:00+00:00,2019-12-31 23:59:59+00:00,nein
2115,11023,Gars am Kamp,48.59556,15.66778,267.0,2002-03-25 17:20:00+00:00,2016-05-20 00:00:00+00:00,Niederösterreich,True,True,,215,1999-03-10 00:00:00+00:00,2016-05-18 23:59:59+00:00,nein
2116,11064,Gars am Kamp,48.59194,15.7,273.0,2016-05-20 08:20:00+00:00,2100-12-31 00:00:00+00:00,Niederösterreich,True,True,,215,2016-05-20 00:00:00+00:00,,nein
2117,11297,Horn Wasserwerk,48.674999,15.643888,308.0,2019-04-15 09:20:00+00:00,2100-12-31 00:00:00+00:00,Niederösterreich,True,True,,199,2020-01-01 00:00:00+00:00,,nein
2207,11334,Schöngrabern,48.60333,16.06167,253.0,2006-01-01 00:00:00+00:00,2100-12-31 00:00:00+00:00,Niederösterreich,True,True,,37,2008-01-01 00:00:00+00:00,,nein
2401,11335,Laa an der Thaya Kläranlage,48.73139,16.38972,184.0,2006-01-01 00:00:00+00:00,2100-12-31 00:00:00+00:00,Niederösterreich,True,True,,152,2008-01-01 00:00:00+00:00,,nein
2415,11083,Leiser Berge,48.55889,16.37167,456.5,1999-09-27 12:20:00+00:00,2100-12-31 00:00:00+00:00,Niederösterreich,True,True,,67,1998-04-01 00:00:00+00:00,,nein
2430,11332,Mistelbach,48.57083,16.60944,191.0,2004-06-14 14:20:00+00:00,2100-12-31 00:00:00+00:00,Niederösterreich,True,True,,,,,nein
2503,11032,Poysdorf - Ost,48.66917,16.6375,198.0,1992-08-29 00:10:00+00:00,2100-12-31 00:00:00+00:00,Niederösterreich,True,True,,70,1992-01-01 00:00:00+00:00,,nein
2601,11333,Hohenau,48.61639,16.90444,153.8,2006-01-01 00:00:00+00:00,2022-02-28 08:20:00+00:00,Niederösterreich,True,True,,158,2007-07-01 00:00:00+00:00,2022-02-28 08:20:59+00:00,nein
2602,11333,Hohenau,48.605835,16.913055,151.0,2022-03-02 09:50:00+00:00,2100-12-31 00:00:00+00:00,Niederösterreich,True,True,,158,2022-03-02 00:00:00+00:00,,nein
2902,11004,Reichersberg,48.33111,13.37611,351.0,2006-01-01 00:00:00+00:00,2100-12-31 00:00:00+00:00,Oberösterreich,True,True,,159,2008-07-01 00:00:00+00:00,,nein
2910,11055,Schärding,48.46428,13.43453,306.7,1994-02-17 09:20:00+00:00,2100-12-31 00:00:00+00:00,Oberösterreich,True,True,,,,,nein
3111,11058,Waizenkirchen,48.32656,13.86458,400.2,2006-01-01 00:00:00+00:00,2100-12-31 00:00:00+00:00,Oberösterreich,True,True,,160,2008-07-01 00:00:00+00:00,,nein
3202,11060,Linz-Stadt,48.29639,14.28528,262.0,1992-11-18 07:30:00+00:00,2100-12-31 00:00:00+00:00,Oberösterreich,True,True,,56,1992-07-01 00:00:00+00:00,,nein
3315,11050,Reichenau am Mühlkreis,48.45917,14.34556,689.1,2006-01-01 00:00:00+00:00,2100-12-31 00:00:00+00:00,Oberösterreich,True,True,,161,2008-08-01 00:00:00+00:00,,nein
3425,11057,Bad Zell,48.355,14.66361,554.4,2006-01-01 00:00:00+00:00,2100-12-31 00:00:00+00:00,Oberösterreich,True,True,,,,,nein
3520,11367,Bärnkopf,48.39111,15.00278,969.0,2003-10-30 09:00:00+00:00,2100-12-31 00:00:00+00:00,Niederösterreich,True,True,,,,,nein
3702,11024,Jauerling / ORF,48.33447,15.33911,955.0,1993-11-23 14:00:00+00:00,2100-12-31 00:00:00+00:00,Niederösterreich,True,True,,193,1995-07-01 00:00:00+00:00,,nein
3805,11070,Krems,48.41861,15.62222,202.0,1996-05-07 13:10:00+00:00,2100-12-31 00:00:00+00:00,Niederösterreich,True,True,,46,1996-04-01 00:00:00+00:00,,nein
3811,11075,Langenlois,48.4725,15.69722,207.0,1992-12-14 10:20:00+00:00,2100-12-31 00:00:00+00:00,Niederösterreich,True,True,,52,1989-11-01 00:00:00+00:00,,nein
4026,11027,Stockerau Flugplatz,48.409833,16.190861,210.0,2023-05-11 08:20:00+00:00,2100-12-31 00:00:00+00:00,Niederösterreich,True,True,,,,,nein
4030,8989109,Stockerau,48.39689,16.19261,203.3,2002-04-11 06:10:00+00:00,2100-12-31 00:00:00+00:00,Niederösterreich,True,True,,,,,nein
4081,11030,Langenlebarn,48.32389,16.11806,175.3,1992-10-21 11:00:00+00:00,2100-12-31 00:00:00+00:00,Niederösterreich,True,True,,51,1992-10-01 00:00:00+00:00,,nein
4115,11042,Wien Stammersdorf,48.30581,16.40556,190.7,2006-01-01 00:00:00+00:00,2100-12-31 00:00:00+00:00,Wien,True,True,,,,,nein
4126,11045,Wolkersdorf,48.388056,16.508889,174.0,2023-06-19 09:00:00+00:00,2100-12-31 00:00:00+00:00,Niederösterreich,True,True,,222,2023-06-19 09:00:00+00:00,,nein
4224,11048,Gänserndorf Stadt,48.33778,16.71361,163.0,2002-11-13 09:00:00+00:00,2100-12-31 00:00:00+00:00,Niederösterreich,True,True,,134,2004-01-01 00:00:00+00:00,,nein
4305,11085,Zwerndorf,48.33806,16.83139,143.5,1997-03-20 11:20:00+00:00,2100-12-31 00:00:00+00:00,Niederösterreich,True,True,,,,,nein
4501,11051,Ranshofen Braunau,48.22417,13.02833,382.0,1994-06-28 00:00:00+00:00,2100-12-31 00:00:00+00:00,Oberösterreich,True,True,,75,1994-07-01 00:00:00+00:00,,nein
4515,11061,Ostermiething,48.05306,12.83167,412.0,2006-01-01 00:00:00+00:00,2100-12-31 00:00:00+00:00,Oberösterreich,True,True,,,,,nein
4601,11062,Aspach,48.18306,13.3,427.0,2006-01-01 00:00:00+00:00,2100-12-31 00:00:00+00:00,Oberösterreich,True,True,,162,2009-07-08 00:00:00+00:00,,nein
4611,11049,Mattighofen,48.09722,13.15111,459.8,2006-01-01 00:00:00+00:00,2100-12-31 00:00:00+00:00,Oberösterreich,True,True,,,,,nein
4705,11053,Ried im Innkreis,48.21722,13.475,427.0,1997-06-16 12:20:00+00:00,2100-12-31 00:00:00+00:00,Oberösterreich,True,True,,141,1998-01-01 00:00:00+00:00,,nein
4802,11067,Gallspach,48.20422,13.82506,425.9,2006-01-01 00:00:00+00:00,2100-12-31 00:00:00+00:00,Oberösterreich,True,False,,27,2012-04-16 00:00:00+00:00,,nein
4815,11001,Wolfsegg,48.10542,13.67092,635.1,1995-05-30 10:50:00+00:00,2100-12-31 00:00:00+00:00,Oberösterreich,True,True,,111,1995-06-01 00:00:00+00:00,,nein
4821,11056,Vöcklabruck,48.00667,13.64556,432.0,2006-01-01 00:00:00+00:00,2100-12-31 00:00:00+00:00,Oberösterreich,True,True,,,,,nein
4905,11059,Wels - Schleissheim,48.16278,14.07139,309.0,1992-08-29 00:10:00+00:00,2100-12-31 00:00:00+00:00,Oberösterreich,True,True,,,,,nein
5000,11010,Linz Hörsching Flughafen,48.23528,14.18806,298.0,2006-01-01 00:00:00+00:00,2100-12-31 00:00:00+00:00,Oberösterreich,True,False,,,,,nein
5012,11012,Kremsmünster,48.055,14.13111,382.0,1993-03-16 14:40:00+00:00,2100-12-31 00:00:00+00:00,Oberösterreich,True,True,,204,2009-01-01 00:00:00+00:00,,nein
5116,11374,Wachtberg bei Steyr,48.0475,14.46111,384.0,2006-01-01 00:00:00+00:00,2100-12-31 00:00:00+00:00,Niederösterreich,True,True,,192,2008-08-01 00:00:00+00:00,,nein
5130,11002,Enns,48.19583,14.45028,317.0,2006-01-01 00:00:00+00:00,2100-12-31 00:00:00+00:00,Oberösterreich,True,True,,23,2008-07-01 00:00:00+00:00,,nein
5315,11018,Amstetten Kläranlage,48.10806,14.89861,265.0,1993-05-25 12:20:00+00:00,2000-06-30 23:00:00+00:00,Niederösterreich,True,True,,4,1993-02-01 00:00:00+00:00,2000-06-30 23:59:59+00:00,nein
5316,11018,Amstetten,48.10889,14.895,266.0,2000-06-30 23:10:00+00:00,2100-12-31 00:00:00+00:00,Niederösterreich,True,True,,4,2000-07-01 00:00:00+00:00,,nein
5412,11376,Oberndorf Melk,48.06239,15.21381,295.1,2006-01-01 00:00:00+00:00,2100-12-31 00:00:00+00:00,Niederösterreich,True,True,,155,2008-01-01 00:00:00+00:00,,nein
5413,11054,Melk,48.20972,15.33139,307.0,2006-01-01 00:00:00+00:00,2100-12-31 00:00:00+00:00,Niederösterreich,True,True,,189,2008-09-25 00:00:00+00:00,,nein
5421,11379,Wieselburg,48.12731,15.14672,258.7,2006-01-01 00:00:00+00:00,2100-12-31 00:00:00+00:00,Niederösterreich,True,True,,,,,nein
5604,,St.Pölten Kopalkaserne,48.180279,15.611111,285.0,1994-04-13 09:40:00+00:00,2005-06-13 13:20:00+00:00,Niederösterreich,True,True,,93,1994-01-01 00:00:00+00:00,2003-06-30 23:59:59+00:00,nein
5609,11389,St. Pölten Landhaus,48.19972,15.63111,273.6,2003-07-04 08:40:00+00:00,2100-12-31 00:00:00+00:00,Niederösterreich,True,True,,93,2003-07-01 00:00:00+00:00,,nein
5625,11078,Lilienfeld - Tarschberg,48.02806,15.5875,696.0,1993-04-15 10:00:00+00:00,2100-12-31 00:00:00+00:00,Niederösterreich,True,True,,,,,nein
5701,11391,Klausen Leopoldsdorf,48.08864,16.00161,389.0,2006-01-01 00:00:00+00:00,2100-12-31 00:00:00+00:00,Niederösterreich,True,True,,,,,nein
5725,11031,Kohlreithberg,48.175835,15.935278,490.0,2002-06-01 00:10:00+00:00,2010-06-08 00:00:00+00:00,Niederösterreich,True,True,,125,2001-07-01 00:00:00+00:00,2010-06-17 23:59:59+00:00,nein
5735,11066,Buchberg,48.21362,15.94495,460.3,2006-01-01 00:00:00+00:00,2100-12-31 00:00:00+00:00,Niederösterreich,True,True,,,,,nein
5802,11044,Wien-Jubliäumswarte,48.22111,16.26528,450.0,2006-01-01 00:00:00+00:00,2100-12-31 00:00:00+00:00,Wien,True,True,,,,,nein
5805,11080,Wien Mariabrunn,48.20694,16.22944,225.0,1997-02-17 12:20:00+00:00,2100-12-31 00:00:00+00:00,Wien,True,True,,106,1997-01-16 00:00:00+00:00,,nein
5820,11077,Brunn am Gebirge,48.10694,16.27,290.6,2006-01-01 00:00:00+00:00,2100-12-31 00:00:00+00:00,Niederösterreich,True,True,,,,,nein
5870,11081,Baden,48.011391,16.235556,244.8,1992-08-29 00:10:00+00:00,2012-05-31 00:00:00+00:00,Niederösterreich,True,False,,12,1982-12-01 00:00:00+00:00,2012-05-31 23:59:59+00:00,nein
5881,11082,Gumpoldskirchen,48.04028,16.28222,219.0,1994-04-14 10:00:00+00:00,2018-03-29 23:50:00+00:00,Niederösterreich,True,True,,32,1990-11-01 00:00:00+00:00,2018-03-28 23:59:59+00:00,nein
5882,11082,Gumpoldskirchen,48.03583,16.28083,212.0,2018-03-30 00:00:00+00:00,2100-12-31 00:00:00+00:00,Niederösterreich,True,True,,32,2018-03-29 00:00:00+00:00,,nein
5904,11033,Wien Hohe Warte,48.24861,16.35639,198.0,1992-05-20 06:10:00+00:00,2100-12-31 00:00:00+00:00,Wien,True,True,,105,1993-01-01 00:00:00+00:00,,nein
5917,11040,Wien Unterlaa,48.125,16.41944,200.0,1997-09-09 13:20:00+00:00,2100-12-31 00:00:00+00:00,Wien,True,True,,107,1996-01-01 00:00:00+00:00,,nein
5925,11034,Wien Innere Stadt,48.19833,16.36694,177.0,1994-05-13 08:40:00+00:00,2100-12-31 00:00:00+00:00,Wien,True,True,,,,,nein
5935,11090,Wien Donaufeld,48.25722,16.43139,160.0,2001-06-15 09:30:00+00:00,2100-12-31 00:00:00+00:00,Wien,True,True,,,,,nein
5972,11037,Groß-Enzersdorf,48.19975,16.55917,154.3,1994-01-12 17:10:00+00:00,2100-12-31 00:00:00+00:00,Niederösterreich,True,True,,31,1991-01-01 00:00:00+00:00,,nein
5990,11036,Schwechat Flughafen,48.1175,16.58139,183.0,2006-01-01 00:00:00+00:00,2100-12-31 00:00:00+00:00,Niederösterreich,True,False,,,,,nein
6102,11394,Bruckneudorf,48.01278,16.845,165.6,2006-01-01 00:00:00+00:00,2100-12-31 00:00:00+00:00,Burgenland,True,True,,18,2008-01-01 00:00:00+00:00,,nein
6111,11046,Bad Deutsch-Altenburg,48.13647,16.90675,168.6,2006-01-01 00:00:00+00:00,2100-12-31 00:00:00+00:00,Niederösterreich,True,True,,,,,nein
6300,11150,Salzburg Flughafen,47.78944,13.00861,430.0,2006-01-01 00:00:00+00:00,2100-12-31 00:00:00+00:00,Salzburg,True,True,,131,1939-03-01 00:00:00+00:00,,nein
6305,11350,Salzburg Freisaal,47.79111,13.05417,419.0,1992-08-29 00:10:00+00:00,2100-12-31 00:00:00+00:00,Salzburg,True,True,,145,2006-01-01 00:00:00+00:00,,nein
6411,11152,Mattsee,47.97,13.1,504.0,1993-06-04 07:10:00+00:00,1998-10-31 23:50:00+00:00,Salzburg,True,False,,60,1985-12-01 00:00:00+00:00,1998-10-31 23:59:59+00:00,nein
6412,11152,Mattsee,47.97778,13.10694,508.0,1998-11-01 00:00:00+00:00,1999-01-25 12:00:00+00:00,Salzburg,True,False,,60,1998-11-01 00:00:00+00:00,1999-01-31 23:59:59+00:00,nein
6415,11152,Mattsee,47.97722,13.10556,502.0,1999-07-27 09:00:00+00:00,2100-12-31 00:00:00+00:00,Salzburg,True,True,,60,1999-11-01 00:00:00+00:00,,nein
6430,11373,Kolomansberg,47.87772,13.27519,1113.1,2006-01-01 00:00:00+00:00,2100-12-31 00:00:00+00:00,Salzburg,True,True,,,,,nein
6501,11352,Frankenmarkt,47.99139,13.42306,565.0,2016-12-14 00:10:00+00:00,2017-03-27 23:50:00+00:00,Oberösterreich,False,True,,190,2004-03-01 00:00:00+00:00,2017-03-25 23:59:59+00:00,nein
6512,11153,Mondsee,47.85083,13.34722,480.5,2006-01-01 00:00:00+00:00,2100-12-31 00:00:00+00:00,Oberösterreich,True,True,,163,2009-01-01 00:00:00+00:00,,nein
6540,11087,Unterach am Attersee,47.802776,13.483611,470.0,2019-05-27 15:20:00+00:00,2100-12-31 00:00:00+00:00,Oberösterreich,True,False,,,,,nein
6611,11155,Feuerkogel,47.81667,13.71778,1618.0,1992-12-22 09:20:00+00:00,2100-12-31 00:00:00+00:00,Oberösterreich,True,True,,205,2009-01-01 00:00:00+00:00,,nein
6620,11154,Gmunden,47.91472,13.8075,424.4,1992-08-29 00:10:00+00:00,2016-04-27 00:00:00+00:00,Oberösterreich,True,True,,29,1982-08-13 00:00:00+00:00,2016-04-26 23:59:59+00:00,nein
6621,11254,Altmünster,47.87917,13.77333,438.0,2006-01-01 00:00:00+00:00,2100-12-31 00:00:00+00:00,Oberösterreich,True,True,,,,,nein
6803,11347,Micheldorf,47.88306,14.13444,459.3,2006-01-01 00:00:00+00:00,2022-09-12 16:50:00+00:00,Oberösterreich,True,True,,144,2008-08-01 00:00:00+00:00,2022-09-12 16:59:59+00:00,nein
6804,11347,Micheldorf,47.88388,14.117222,446.0,2022-09-12 17:00:00+00:00,2100-12-31 00:00:00+00:00,Oberösterreich,True,True,,144,2022-09-13 00:00:00+00:00,,nein
7002,11341,Weyer,47.85719,14.66572,426.1,2006-01-01 00:00:00+00:00,2100-12-31 00:00:00+00:00,Oberösterreich,True,True,,104,2007-09-01 00:00:00+00:00,,nein
7012,11368,Waidhofen an der Ybbs/Zentrum,47.95778,14.78444,365.1,2001-01-24 12:20:00+00:00,2019-06-04 09:00:00+00:00,Niederösterreich,True,True,,101,2004-12-01 00:00:00+00:00,2017-12-31 23:59:59+00:00,nein
7013,11071,Waidhofen/Ybbs,47.94556,14.80972,384.0,2017-03-30 08:00:00+00:00,2100-12-31 00:00:00+00:00,Niederösterreich,True,True,,101,2018-01-01 00:00:00+00:00,,nein
7110,11170,Lunz am See,47.85436,15.06758,611.9,1994-09-08 09:40:00+00:00,2100-12-31 00:00:00+00:00,Niederösterreich,True,True,,,,,nein
7221,11171,Mariazell/St. Sebastian,47.78917,15.30222,864.0,2000-07-25 09:20:00+00:00,2100-12-31 00:00:00+00:00,Steiermark,True,True,,59,2001-01-01 00:00:00+00:00,,nein
7301,8989084,Kernhof - St. Aegyd am Neuwalde,47.819333,15.547972,677.6,2022-05-07 09:00:00+00:00,2100-12-31 00:00:00+00:00,Niederösterreich,False,False,,,,,nein
7305,11386,Krumbach,47.52806,16.18667,545.2,2014-09-01 00:10:00+00:00,2100-12-31 00:00:00+00:00,Niederösterreich,True,False,,,,,nein
7500,11382,Puchberg am Schneeberg,47.79028,15.90944,580.0,1992-08-29 00:10:00+00:00,1998-03-18 09:00:00+00:00,Niederösterreich,True,True,,72,1983-01-01 00:00:00+00:00,1998-03-31 23:59:59+00:00,nein
7505,11382,Puchberg am Schneeberg,47.79028,15.90694,582.8,1998-03-23 20:40:00+00:00,2100-12-31 00:00:00+00:00,Niederösterreich,True,True,,72,1998-04-01 00:00:00+00:00,,nein
7531,11385,Hohe Wand / Hochkogelhaus,47.82222,16.035,936.9,1993-05-14 10:00:00+00:00,2100-12-31 00:00:00+00:00,Niederösterreich,True,True,,36,1993-08-01 00:00:00+00:00,,nein
7604,11182,Wiener Neustadt Flugplatz,47.83233,16.23147,275.0,1992-10-20 09:10:00+00:00,2100-12-31 00:00:00+00:00,Niederösterreich,True,True,,112,1993-02-01 00:00:00+00:00,,nein
7610,11378,Gutenstein Mariahilfberg,47.87139,15.87611,708.9,1996-09-04 09:00:00+00:00,2100-12-31 00:00:00+00:00,Niederösterreich,True,False,,,,,nein
7641,11079,Berndorf,47.93917,16.10111,337.0,2006-01-01 00:00:00+00:00,2100-12-31 00:00:00+00:00,Niederösterreich,True,True,,164,2008-01-01 00:00:00+00:00,,nein
7653,8989081,Bad Vöslau,47.961111,16.209444,266.0,2021-09-30 00:10:00+00:00,2100-12-31 00:00:00+00:00,Niederösterreich,True,False,,,,,nein
7704,11190,Eisenstadt,47.85417,16.53833,184.0,1993-08-04 14:00:00+00:00,2100-12-31 00:00:00+00:00,Burgenland,True,True,,22,1989-01-01 00:00:00+00:00,,nein
7710,11387,Seibersdorf,47.9765,16.50489,185.0,2002-08-27 13:40:00+00:00,2100-12-31 00:00:00+00:00,Niederösterreich,True,True,,197,1982-06-21 00:00:00+00:00,,nein
7714,8989114,Hornstein,47.877606,16.452103,312.0,2024-03-06 08:10:00+00:00,2100-12-31 00:00:00+00:00,Burgenland,True,False,,,,,nein
7890,11072,Neusiedl am See,47.94917,16.82889,117.0,2017-01-20 00:10:00+00:00,2100-12-31 00:00:00+00:00,Burgenland,True,True,,65,2017-01-20 00:00:00+00:00,,nein
7905,11194,Neusiedl am See,47.9425,16.85778,135.0,1992-11-05 14:30:00+00:00,2004-08-01 00:00:00+00:00,Burgenland,True,True,,65,1984-08-01 00:00:00+00:00,2004-07-31 23:59:59+00:00,nein
7906,11194,Neusiedl am See,47.95083,16.84167,147.5,2004-08-01 00:10:00+00:00,2100-12-31 00:00:00+00:00,Burgenland,True,True,,65,2004-08-01 00:00:00+00:00,2017-01-19 23:59:59+00:00,nein
7912,11084,Podersdorf,47.86611,16.83444,116.0,2006-01-01 00:00:00+00:00,2100-12-31 00:00:00+00:00,Burgenland,True,False,,,,,nein
7955,8989072,Andau,47.7725,17.03333,117.5,1995-08-02 11:20:00+00:00,2022-06-20 06:50:00+00:00,Burgenland,True,True,,218,1995-08-01 00:00:00+00:00,2021-06-30 23:59:59+00:00,nein
7956,11395,Andau,47.77,17.03556,117.0,2021-06-16 13:10:00+00:00,2100-12-31 00:00:00+00:00,Burgenland,True,True,,218,2021-07-01 00:00:00+00:00,,nein
8301,11100,Sulzberg,47.52194,9.91416,1014.0,2006-01-01 00:00:00+00:00,2100-12-31 00:00:00+00:00,Vorarlberg,True,True,,,,,nein
8805,11328,Achenkirch,47.53222,11.70528,904.0,1998-09-23 11:10:00+00:00,2016-10-05 00:00:00+00:00,Tirol,True,True,,151,1998-07-01 00:00:00+00:00,2016-10-31 23:59:59+00:00,nein
8806,11266,Achenkirch,47.49944,11.70667,931.0,2016-10-05 00:10:00+00:00,2100-12-31 00:00:00+00:00,Tirol,True,True,,151,2016-11-01 00:00:00+00:00,,nein
9016,11130,Kufstein,47.57528,12.16278,490.0,1994-05-25 06:50:00+00:00,2100-12-31 00:00:00+00:00,Tirol,True,True,,142,2003-01-01 00:00:00+00:00,,nein
9019,11069,Söll,47.50306,12.20028,697.0,2006-01-01 00:00:00+00:00,2100-12-31 00:00:00+00:00,Tirol,True,True,,214,2015-07-01 00:00:00+00:00,,nein
9105,11327,Kirchdorf in Tirol,47.56611,12.46306,636.6,2006-01-01 00:00:00+00:00,2100-12-31 00:00:00+00:00,Tirol,True,True,,,,,nein
9110,11131,Kössen,47.66289,12.39381,588.2,2006-01-01 00:00:00+00:00,2100-12-31 00:00:00+00:00,Tirol,True,True,,,,,nein
9211,11140,Lofer Ort,47.58444,12.69528,622.0,1999-04-07 09:00:00+00:00,2100-12-31 00:00:00+00:00,Salzburg,True,True,,129,2000-11-01 00:00:00+00:00,,nein
9215,11337,Loferer Alm,47.59778,12.64611,1619.0,1995-02-24 13:30:00+00:00,2100-12-31 00:00:00+00:00,Salzburg,True,True,,,,,nein
9406,11371,Golling,47.59114,13.18178,489.9,2006-01-01 00:00:00+00:00,2100-12-31 00:00:00+00:00,Salzburg,True,True,,,,,nein
9501,11369,Abtenau,47.56667,13.34333,709.0,2006-01-01 00:00:00+00:00,2100-12-31 00:00:00+00:00,Salzburg,True,True,,165,2008-06-25 00:00:00+00:00,,nein
9511,11357,St. Wolfgang,47.73694,13.45,541.0,1992-08-29 00:10:00+00:00,2013-10-01 00:00:00+00:00,Oberösterreich,True,False,,109,1990-02-01 00:00:00+00:00,2013-09-30 23:59:59+00:00,nein
9512,11357,St. Wolfgang,47.74028,13.44194,544.0,2013-10-01 00:10:00+00:00,2100-12-31 00:00:00+00:00,Oberösterreich,True,False,,109,2013-10-01 00:00:00+00:00,,nein
9605,11354,Bad Goisern,47.63333,13.61667,510.0,1995-02-21 11:10:00+00:00,1997-12-21 23:50:00+00:00,Oberösterreich,True,True,,9,1995-01-01 00:00:00+00:00,1997-12-31 23:59:59+00:00,nein
9606,11354,Bad Goisern,47.64256,13.61803,502.1,1997-12-22 00:00:00+00:00,2016-02-09 00:00:00+00:00,Oberösterreich,True,True,,9,1998-01-01 00:00:00+00:00,2014-12-31 23:59:59+00:00,nein
9609,11256,Bad Goisern,47.62194,13.64472,538.0,2006-01-01 00:00:00+00:00,2100-12-31 00:00:00+00:00,Oberösterreich,True,True,,9,2015-01-01 00:00:00+00:00,,nein
9618,11361,Bad Ischl,47.70619,13.64714,506.7,2006-01-01 00:00:00+00:00,2100-12-31 00:00:00+00:00,Oberösterreich,True,True,,132,2007-07-01 00:00:00+00:00,,nein
9640,11356,Bad Aussee,47.61111,13.78278,667.0,1992-08-29 00:10:00+00:00,2013-01-24 00:00:00+00:00,Steiermark,True,False,,5,1983-09-01 00:00:00+00:00,2013-01-31 23:59:59+00:00,nein
9643,11356,Bad Aussee,47.6105,13.75844,743.1,2013-02-18 00:10:00+00:00,2100-12-31 00:00:00+00:00,Steiermark,True,False,,5,2013-02-01 00:00:00+00:00,,nein
9700,11358,Bad Mitterndorf,47.55333,13.93472,814.0,1992-08-29 00:10:00+00:00,2100-12-31 00:00:00+00:00,Steiermark,True,True,,10,1983-11-01 00:00:00+00:00,,nein
9801,11157,Aigen im Ennstal,47.53278,14.13826,641.0,1992-11-13 13:40:00+00:00,2100-12-31 00:00:00+00:00,Steiermark,True,True,,2,1993-02-01 00:00:00+00:00,,nein
9811,11360,Irdning-Gumpenstein,47.49506,14.09967,697.1,2006-01-01 00:00:00+00:00,2100-12-31 00:00:00+00:00,Steiermark,True,True,,40,1993-02-01 00:00:00+00:00,,nein
9911,11167,Hall - Admont,47.59444,14.49083,637.0,2006-01-01 00:00:00+00:00,2100-12-31 00:00:00+00:00,Steiermark,True,True,,166,2008-01-01 00:00:00+00:00,,nein
9919,11355,Windischgarsten,47.72028,14.32611,599.9,1992-10-29 16:40:00+00:00,2100-12-31 00:00:00+00:00,Oberösterreich,True,False,,108,1983-10-07 00:00:00+00:00,,nein
9925,11063,Rottenmann,47.50767,14.43028,707.2,2006-01-01 00:00:00+00:00,2100-12-31 00:00:00+00:00,Steiermark,True,True,,,,,nein
10005,11199,Mooslandl,47.64753,14.76167,529.9,2005-09-15 18:10:00+00:00,2100-12-31 00:00:00+00:00,Steiermark,True,True,,,,,nein
10111,11161,Präbichl,47.52158,14.95416,1215.2,2000-09-26 09:00:00+00:00,2100-12-31 00:00:00+00:00,Steiermark,True,True,,153,2000-09-13 00:00:00+00:00,,nein
10200,11375,Aflenz,47.54594,15.24069,783.2,1992-10-08 12:30:00+00:00,2100-12-31 00:00:00+00:00,Steiermark,True,True,,1,1983-05-01 00:00:00+00:00,,nein
10401,11177,Mürzzuschlag,47.60222,15.67278,705.2,2006-01-01 00:00:00+00:00,2100-12-31 00:00:00+00:00,Steiermark,True,True,,167,2009-01-01 00:00:00+00:00,,nein
10412,11180,Rax / Seilbahnbergstation,47.7175,15.77861,1547.2,1994-10-20 13:00:00+00:00,2100-12-31 00:00:00+00:00,Niederösterreich,True,True,,,,,nein
10415,11383,Semmering,47.63325,15.82839,987.6,1992-08-29 00:10:00+00:00,2100-12-31 00:00:00+00:00,Niederösterreich,True,True,,88,1998-11-01 00:00:00+00:00,,nein
10500,11185,Mönichkirchen,47.51111,16.03333,991.0,1992-11-11 10:50:00+00:00,2100-12-31 00:00:00+00:00,Niederösterreich,True,True,,63,1983-07-01 00:00:00+00:00,,nein
10510,11380,Reichenau an der Rax,47.69972,15.83694,488.0,1992-08-29 00:10:00+00:00,2100-12-31 00:00:00+00:00,Niederösterreich,True,True,,80,1983-01-01 00:00:00+00:00,,nein
10531,11381,Pottschach,47.70083,16.00806,416.4,2006-01-01 00:00:00+00:00,2100-12-31 00:00:00+00:00,Niederösterreich,True,True,,169,2008-01-01 00:00:00+00:00,,nein
10550,11384,Hirschenkogel,47.62333,15.83333,1318.1,1994-06-13 14:30:00+00:00,2100-12-31 00:00:00+00:00,Niederösterreich,True,True,,,,,nein
10607,11188,Aspang,47.575,16.10139,454.0,2006-01-01 00:00:00+00:00,2100-12-31 00:00:00+00:00,Niederösterreich,True,True,,170,2008-01-01 00:00:00+00:00,,nein
10710,11189,Mattersburg,47.745,16.38917,283.9,2006-01-01 00:00:00+00:00,2100-12-31 00:00:00+00:00,Burgenland,True,True,,,,,nein
10720,11258,Neudorf /Landsee,47.56278,16.38139,429.0,2006-01-01 00:00:00+00:00,2100-12-31 00:00:00+00:00,Burgenland,True,True,,,,,nein
11104,11101,Bregenz,47.49917,9.74611,424.0,1993-06-15 17:40:00+00:00,2100-12-31 00:00:00+00:00,Vorarlberg,True,True,,15,2008-01-01 00:00:00+00:00,,nein
11106,11104,Fraxern,47.31417,9.67444,807.0,2003-07-16 13:10:00+00:00,2100-12-31 00:00:00+00:00,Vorarlberg,True,True,,133,2004-01-01 00:00:00+00:00,,nein
11112,11302,Dornbirn,47.4325,9.72556,407.3,1993-06-16 11:30:00+00:00,2022-09-01 06:00:00+00:00,Vorarlberg,True,True,,171,1992-04-01 00:00:00+00:00,2022-08-31 23:59:59+00:00,nein
11114,11302,Dornbirn,47.4325,9.72556,407.3,2022-09-01 06:10:00+00:00,2100-12-31 00:00:00+00:00,Vorarlberg,True,True,,171,2022-09-01 00:00:00+00:00,,nein
11115,11105,Feldkirch,47.27111,9.60972,438.4,1994-04-18 09:00:00+00:00,2100-12-31 00:00:00+00:00,Vorarlberg,True,True,,24,1995-01-01 00:00:00+00:00,,nein
11116,11251,Laterns-Gapfohl,47.27503,9.75992,1558.7,2006-01-01 00:00:00+00:00,2100-12-31 00:00:00+00:00,Vorarlberg,True,False,,,,,nein
11135,11301,Alberschwende,47.4575,9.84861,715.3,1996-01-16 19:30:00+00:00,2100-12-31 00:00:00+00:00,Vorarlberg,True,True,,,,,nein
11146,11299,Rohrspitz,47.49722,9.63,395.1,2006-01-01 00:00:00+00:00,2100-12-31 00:00:00+00:00,Vorarlberg,True,True,,,,,nein
11203,11303,Schoppernau,47.31139,10.01778,839.0,2006-01-01 00:00:00+00:00,2100-12-31 00:00:00+00:00,Vorarlberg,True,True,,172,2008-01-01 00:00:00+00:00,,nein
11301,11306,Schröcken,47.26167,10.08611,1244.0,2006-01-01 00:00:00+00:00,2100-12-31 00:00:00+00:00,Vorarlberg,True,True,,173,2007-12-01 00:00:00+00:00,,nein
11305,11308,Warth,47.25583,10.18611,1478.0,1993-06-15 17:50:00+00:00,2100-12-31 00:00:00+00:00,Vorarlberg,True,True,,,,,nein
11311,11187,Mittelberg,47.32333,10.1525,1204.0,2006-01-01 00:00:00+00:00,2100-12-31 00:00:00+00:00,Vorarlberg,True,True,,174,2009-06-01 00:00:00+00:00,,nein
11402,11315,Holzgau,47.25758,10.33867,1092.0,2006-01-01 00:00:00+00:00,2100-12-31 00:00:00+00:00,Tirol,True,True,,146,2008-01-01 00:00:00+00:00,,nein
11410,11111,Tannheim,47.50028,10.50583,1100.0,2006-01-01 00:00:00+00:00,2100-12-31 00:00:00+00:00,Tirol,True,True,,,,,nein
11505,11314,Reutte,47.49444,10.71528,841.8,1994-12-06 10:40:00+00:00,2100-12-31 00:00:00+00:00,Tirol,True,True,,76,1994-08-01 00:00:00+00:00,,nein
11603,11118,Ehrwald,47.40417,10.92,982.0,2005-12-31 00:00:00+00:00,2100-12-31 00:00:00+00:00,Tirol,True,True,,20,2008-01-01 00:00:00+00:00,,nein
11706,11119,Seefeld,47.32478,11.17542,1181.9,1997-06-11 12:20:00+00:00,2100-12-31 00:00:00+00:00,Tirol,True,True,,87,1997-06-01 00:00:00+00:00,,nein
11803,11320,Innsbruck Universität,47.25986,11.38425,578.0,2006-01-01 00:00:00+00:00,2100-12-31 00:00:00+00:00,Tirol,True,True,,39,1987-01-01 00:00:00+00:00,,nein
11804,11121,Innsbruck Flughafen,47.25999,11.35667,578.0,1992-11-24 13:20:00+00:00,2100-12-31 00:00:00+00:00,Tirol,True,True,,175,2008-01-01 00:00:00+00:00,,nein
11901,11325,Jenbach,47.38878,11.75814,530.0,1995-01-19 07:40:00+00:00,2021-10-22 08:30:00+00:00,Tirol,True,True,,42,1994-07-01 00:00:00+00:00,2021-10-22 23:59:59+00:00,nein
12015,11125,Alpbach,47.39694,11.94028,929.0,2006-01-01 00:00:00+00:00,2100-12-31 00:00:00+00:00,Tirol,True,True,,,,,nein
12202,11336,Kitzbühel,47.44722,12.39417,746.1,2006-01-01 00:00:00+00:00,2014-03-25 00:00:00+00:00,Tirol,True,True,,118,2007-02-01 00:00:00+00:00,2014-03-21 23:59:59+00:00,nein
12203,11279,Kitzbühel,47.44389,12.38917,772.0,2006-01-01 00:00:00+00:00,2100-12-31 00:00:00+00:00,Tirol,True,True,,118,2014-11-18 00:00:00+00:00,,nein
12215,11135,Hahnenkamm - Ehrenbachhöhe,47.41831,12.35928,1793.8,1993-02-17 09:30:00+00:00,2100-12-31 00:00:00+00:00,Tirol,True,True,,176,1992-11-13 00:00:00+00:00,,nein
12216,8989044,Hahnenkamm-Sonnenrast,47.409168,12.359445,1667.0,2019-09-16 11:10:00+00:00,2100-12-31 00:00:00+00:00,Tirol,False,False,,,,,nein
12231,11073,Mittersill,47.279167,12.495833,783.0,2017-12-01 00:00:00+00:00,2100-12-31 00:00:00+00:00,Salzburg,True,True,,,,,nein
12302,11366,Saalbach,47.38789,12.64844,974.6,2006-01-01 00:00:00+00:00,2100-12-31 00:00:00+00:00,Salzburg,True,True,,83,2009-01-01 00:00:00+00:00,,nein
12311,11340,Schmittenhöhe,47.32872,12.73794,1955.6,1992-08-29 00:10:00+00:00,2100-12-31 00:00:00+00:00,Salzburg,True,True,,85,1983-10-01 00:00:00+00:00,,nein
12322,11144,Zell am See,47.32667,12.79528,770.0,1992-08-29 00:10:00+00:00,2019-07-15 05:20:00+00:00,Salzburg,True,False,,113,1984-07-13 00:00:00+00:00,2019-07-15 23:59:59+00:00,nein
12323,11144,Zell am See,47.29,12.78639,754.0,2019-07-16 06:40:00+00:00,2100-12-31 00:00:00+00:00,Salzburg,True,False,,113,2019-07-16 00:00:00+00:00,,nein
12351,11339,Hochfilzen,47.47028,12.62111,961.9,2006-01-01 00:00:00+00:00,2100-12-31 00:00:00+00:00,Tirol,True,True,,178,2007-11-27 00:00:00+00:00,,nein
12504,11141,Bischofshofen,47.40667,13.22111,549.9,1992-08-29 00:10:00+00:00,2100-12-31 00:00:00+00:00,Salzburg,True,True,,14,1996-09-01 00:00:00+00:00,,nein
12513,11345,St. Veit im Pongau,47.32917,13.155,749.0,2004-11-17 10:10:00+00:00,2100-12-31 00:00:00+00:00,Salzburg,True,True,,,,,nein
12530,11364,St. Johann im Pongau,47.31981,13.18672,634.2,2016-12-14 00:10:00+00:00,2100-12-31 00:00:00+00:00,Salzburg,False,False,,156,2008-03-01 00:00:00+00:00,,nein
12615,11147,Radstadt,47.38528,13.45611,858.0,1994-12-05 12:30:00+00:00,2017-11-09 08:10:00+00:00,Salzburg,True,True,,73,1995-01-01 00:00:00+00:00,2016-08-31 23:59:59+00:00,nein
12616,11208,Radstadt-Tandalier,47.38,13.44083,835.0,2016-08-08 00:10:00+00:00,2100-12-31 00:00:00+00:00,Salzburg,True,True,,73,2016-09-01 00:00:00+00:00,,nein
12711,11351,Ramsau am Dachstein,47.42514,13.63428,1206.8,1992-08-29 00:10:00+00:00,2100-12-31 00:00:00+00:00,Steiermark,True,True,,179,1991-01-01 00:00:00+00:00,,nein
12720,11267,Dachstein - Hunerkogel,47.46778,13.62639,2700.0,2017-06-01 00:00:00+00:00,2100-12-31 00:00:00+00:00,Oberösterreich,True,True,,,,,nein
12721,11268,Dachstein-Schladminger Gletscher,47.474445,13.6325,2520.0,2017-11-13 14:00:00+00:00,2100-12-31 00:00:00+00:00,Oberösterreich,False,False,,,,,nein
12811,11359,Gröbming,47.44678,13.90422,765.5,2001-10-03 11:40:00+00:00,2100-12-31 00:00:00+00:00,Steiermark,True,True,,147,2001-10-01 00:00:00+00:00,,nein
13116,11166,Seckau,47.27083,14.77861,872.0,2001-11-08 16:10:00+00:00,2100-12-31 00:00:00+00:00,Steiermark,True,True,,124,2002-02-01 00:00:00+00:00,,nein
13120,11362,Kalwang,47.42126,14.75961,743.6,1994-05-17 14:30:00+00:00,2100-12-31 00:00:00+00:00,Steiermark,True,True,,44,1994-04-01 00:00:00+00:00,,nein
13250,11174,St.Michael bei Leoben,47.335556,15.005,570.0,1992-08-29 00:10:00+00:00,2013-05-15 00:00:00+00:00,Steiermark,True,True,,,,,nein
13302,11175,Bruck/Mur,47.40556,15.24972,482.0,2004-10-28 13:10:00+00:00,2100-12-31 00:00:00+00:00,Steiermark,True,True,,17,2005-01-01 00:00:00+00:00,,nein
13305,11370,Kapfenberg,47.44592,15.29828,504.7,1997-02-17 12:40:00+00:00,2018-05-23 04:50:00+00:00,Steiermark,True,True,,217,1997-03-01 00:00:00+00:00,2018-05-22 23:59:59+00:00,nein
13308,11249,Frohnleiten,47.25556,15.315,421.0,2006-01-01 00:00:00+00:00,2100-12-31 00:00:00+00:00,Steiermark,True,True,,,,,nein
13312,11274,Leoben,47.37833,15.08667,544.0,2006-01-01 00:00:00+00:00,2100-12-31 00:00:00+00:00,Steiermark,True,True,,,,,nein
13401,11176,Kapfenberg-Flugfeld,47.45833,15.33556,515.0,2018-05-23 14:50:00+00:00,2100-12-31 00:00:00+00:00,Steiermark,True,True,,217,2018-05-23 00:00:00+00:00,,nein
13515,11173,Fischbach,47.44417,15.64389,1034.4,2004-11-09 12:10:00+00:00,2100-12-31 00:00:00+00:00,Steiermark,True,True,,25,1996-01-01 00:00:00+00:00,,nein
13605,11390,Hartberg,47.28056,15.97861,329.6,1994-10-24 13:10:00+00:00,2100-12-31 00:00:00+00:00,Steiermark,True,True,,,,,nein
13606,11398,Rohrbach an der Lafnitz/Eichberg,47.4,15.93694,692.0,2006-01-01 00:00:00+00:00,2100-12-31 00:00:00+00:00,Steiermark,True,True,,,,,nein
13640,8989042,Kroisegg,47.378613,16.042223,444.0,2016-06-07 00:10:00+00:00,2100-12-31 00:00:00+00:00,Burgenland,True,True,,,,,nein
13702,11197,Bernstein,47.40833,16.26139,630.8,2006-01-01 00:00:00+00:00,2100-12-31 00:00:00+00:00,Burgenland,True,True,,13,2008-01-01 00:00:00+00:00,,nein
13706,11193,Bad Tatzmannsdorf,47.33797,16.22497,347.2,2004-09-17 09:50:00+00:00,2024-01-24 14:00:00+00:00,Burgenland,True,False,,140,2004-09-17 00:00:00+00:00,,nein
13707,11193,Bad Tatzmannsdorf,47.328056,16.228056,332.0,2024-01-24 14:10:00+00:00,2100-12-31 00:00:00+00:00,Burgenland,True,False,,,,,nein
13805,11397,Hirschenstein,47.345276,16.379168,858.9,2006-01-01 00:00:00+00:00,2014-09-18 00:00:00+00:00,Burgenland,True,True,,,,,nein
13811,11396,Rechnitz,47.30139,16.45417,307.5,2006-01-01 00:00:00+00:00,2100-12-31 00:00:00+00:00,Burgenland,True,False,,180,2006-12-01 00:00:00+00:00,,nein
13906,11393,Lutzmannsburg,47.46417,16.66056,201.0,1995-10-03 09:30:00+00:00,2000-05-31 23:50:00+00:00,Burgenland,True,False,,58,1995-11-01 00:00:00+00:00,2000-05-31 23:59:59+00:00,nein
13907,11393,Lutzmannsburg,47.46528,16.64556,200.8,2000-06-01 00:00:00+00:00,2100-12-31 00:00:00+00:00,Burgenland,True,True,,58,2000-06-01 00:00:00+00:00,,nein
14103,11099,Bludenz,47.14778,9.82944,571.0,2006-01-01 00:00:00+00:00,2100-12-31 00:00:00+00:00,Vorarlberg,True,True,,181,2015-09-16 00:00:00+00:00,,nein
14104,11102,Bludenz,47.154167,9.823611,564.8,2006-01-01 00:00:00+00:00,2015-09-11 00:00:00+00:00,Vorarlberg,True,True,,181,2007-08-01 00:00:00+00:00,2015-09-09 13:00:00+00:00,nein
14115,11304,Brand,47.10306,9.73833,1029.0,2001-06-01 00:40:00+00:00,2100-12-31 00:00:00+00:00,Vorarlberg,True,True,,117,2001-06-01 00:00:00+00:00,,nein
14302,11311,St. Anton am Arlberg,47.13139,10.26667,1304.1,2006-01-01 00:00:00+00:00,2100-12-31 00:00:00+00:00,Tirol,True,True,,119,2008-01-01 00:00:00+00:00,,nein
14305,11110,Galzig,47.12972,10.23028,2079.0,1994-02-09 11:40:00+00:00,2100-12-31 00:00:00+00:00,Tirol,True,True,,,,,nein
14308,11124,Valluga,47.1575,10.21278,2805.0,2016-12-14 00:10:00+00:00,2100-12-31 00:00:00+00:00,Tirol,False,False,,,,,nein
14311,11307,Langen am Arlberg,47.13167,10.12333,1221.0,2006-01-01 00:00:00+00:00,2100-12-31 00:00:00+00:00,Vorarlberg,True,True,,,,,nein
14403,11112,Landeck,47.14025,10.56364,795.6,1993-12-23 09:50:00+00:00,2100-12-31 00:00:00+00:00,Tirol,True,True,,50,1993-07-01 00:00:00+00:00,,nein
14513,11115,Imst,47.23694,10.74222,773.0,2006-01-01 00:00:00+00:00,2100-12-31 00:00:00+00:00,Tirol,True,True,,38,2008-01-01 00:00:00+00:00,,nein
14521,11313,Prutz,47.06861,10.66472,871.0,2004-11-30 17:10:00+00:00,2100-12-31 00:00:00+00:00,Tirol,True,True,,138,2004-12-01 00:00:00+00:00,,nein
14603,11309,Haiming,47.25972,10.88944,659.0,2006-01-01 00:00:00+00:00,2100-12-31 00:00:00+00:00,Tirol,True,True,,126,2007-08-20 00:00:00+00:00,,nein
14622,11317,St. Leonhard/Pitztal,47.02722,10.86556,1454.4,2006-01-01 00:00:00+00:00,2100-12-31 00:00:00+00:00,Tirol,True,True,,210,2008-01-01 00:00:00+00:00,,nein
14631,11117,Umhausen,47.13917,10.92889,1035.0,2003-06-01 00:10:00+00:00,2100-12-31 00:00:00+00:00,Tirol,True,True,,136,2003-10-01 00:00:00+00:00,,nein
14701,11324,Neustift/Milders,47.10278,11.29194,1006.6,2004-11-04 17:30:00+00:00,2100-12-31 00:00:00+00:00,Tirol,True,True,,,,,nein
14801,11128,Brenner,47.005554,11.513333,1445.0,1992-12-16 10:30:00+00:00,2008-02-01 00:00:00+00:00,Tirol,True,True,,16,1993-01-01 00:00:00+00:00,2007-11-30 23:59:59+00:00,nein
14802,11129,Brenner,47.00722,11.51083,1412.0,2006-01-01 00:00:00+00:00,2100-12-31 00:00:00+00:00,Tirol,True,True,,16,2007-12-01 00:00:00+00:00,,nein
14812,11126,Patscherkofel,47.20889,11.46222,2251.0,1993-08-25 13:40:00+00:00,2100-12-31 00:00:00+00:00,Tirol,True,True,,196,2008-01-01 00:00:00+00:00,,nein
14822,11123,Rinn,47.24917,11.50389,924.1,2006-01-01 00:00:00+00:00,2100-12-31 00:00:00+00:00,Tirol,True,True,,127,2008-01-01 00:00:00+00:00,,nein
14825,11326,Schmirn,47.08722,11.58028,1464.0,2004-11-03 16:10:00+00:00,2100-12-31 00:00:00+00:00,Tirol,True,True,,,,,nein
14833,11329,Steinach/Tirol,47.09833,11.46611,1036.0,2006-01-01 00:00:00+00:00,2100-12-31 00:00:00+00:00,Tirol,True,True,,139,2008-01-01 00:00:00+00:00,,nein
14912,11250,Hintertux,47.10694,11.67472,1503.0,2006-01-01 00:00:00+00:00,2100-12-31 00:00:00+00:00,Tirol,True,False,,,,,nein
15001,11322,Mayrhofen,47.159443,11.850555,643.0,1992-11-21 00:10:00+00:00,2007-09-06 00:00:00+00:00,Tirol,True,True,,61,1992-09-01 00:00:00+00:00,2007-08-31 23:59:59+00:00,nein
15002,11330,Mayrhofen,47.1625,11.85139,640.0,2006-01-01 00:00:00+00:00,2100-12-31 00:00:00+00:00,Tirol,True,True,,61,2007-09-01 00:00:00+00:00,,nein
15105,11136,Krimml,47.22911,12.18197,1008.8,1997-06-27 10:00:00+00:00,2100-12-31 00:00:00+00:00,Salzburg,True,True,,47,1997-09-01 00:00:00+00:00,,nein
15210,11252,Virgen,47.00278,12.45592,1211.9,1993-05-21 09:00:00+00:00,2100-12-31 00:00:00+00:00,Tirol,True,True,,,,,nein
15321,11138,Rudolfshütte,47.13492,12.62594,2317.0,1992-12-02 08:50:00+00:00,2100-12-31 00:00:00+00:00,Salzburg,True,True,,82,1992-12-01 00:00:00+00:00,,nein
15344,11200,Kals,47.00478,12.6465,1352.4,2006-01-01 00:00:00+00:00,2100-12-31 00:00:00+00:00,Tirol,True,True,,43,2007-08-01 00:00:00+00:00,,nein
15402,11346,Rauris,47.22353,12.99262,933.8,1993-06-17 08:50:00+00:00,2100-12-31 00:00:00+00:00,Salzburg,True,True,,78,1993-06-01 00:00:00+00:00,,nein
15411,11343,Sonnblick,47.05417,12.9575,3109.0,1997-08-31 16:40:00+00:00,2100-12-31 00:00:00+00:00,Salzburg,True,True,,213,2009-01-01 00:00:00+00:00,,nein
15430,11344,Kolm-Saigurn,47.06944,12.98472,1626.2,2006-01-01 00:00:00+00:00,2100-12-31 00:00:00+00:00,Salzburg,True,True,,,,,nein
15501,11372,Bad Gastein,47.11056,13.13336,1092.0,2006-01-01 00:00:00+00:00,2100-12-31 00:00:00+00:00,Salzburg,True,True,,7,2010-01-01 00:00:00+00:00,,nein
15509,11179,Grossarltal,47.24144,13.19478,882.3,2006-01-01 00:00:00+00:00,2100-12-31 00:00:00+00:00,Salzburg,True,False,,,,,nein
15600,11149,Obertauern,47.26667,13.56667,1742.0,1992-08-29 00:10:00+00:00,1994-04-20 14:00:00+00:00,Salzburg,True,True,,68,1984-09-01 00:00:00+00:00,1994-03-31 23:59:59+00:00,nein
15610,11149,Obertauern,47.24889,13.55972,1772.0,1994-12-14 00:00:00+00:00,2100-12-31 00:00:00+00:00,Salzburg,True,True,,68,1995-01-01 00:00:00+00:00,,nein
15640,8989078,Kölnbreinsperre,47.08305,13.346111,1916.0,2021-11-23 00:20:00+00:00,2100-12-31 00:00:00+00:00,Niederösterreich,True,True,,,,,nein
15702,11148,St. Michael/Lungau,47.09447,13.62269,1051.9,2006-01-01 00:00:00+00:00,2100-12-31 00:00:00+00:00,Salzburg,True,True,,92,2008-11-01 00:00:00+00:00,,nein
15712,11399,Tamsweg,47.13306,13.80833,1025.0,2008-07-09 00:00:00+00:00,2100-12-31 00:00:00+00:00,Salzburg,True,True,,98,2008-10-01 00:00:00+00:00,,nein
15715,11349,Katschberg,47.06056,13.61472,1635.0,1998-11-10 13:20:00+00:00,2100-12-31 00:00:00+00:00,Kärnten,True,True,,,,,nein
15721,11348,Mariapfarr,47.15222,13.745,1151.0,1992-08-29 00:10:00+00:00,2100-12-31 00:00:00+00:00,Salzburg,True,True,,,,,nein
15901,11377,Oberwölz,47.20206,14.28669,842.1,2006-01-01 00:00:00+00:00,2100-12-31 00:00:00+00:00,Steiermark,True,True,,182,2007-08-01 00:00:00+00:00,,nein
15912,11363,Stolzalpe,47.12303,14.18822,1291.0,2006-01-01 00:00:00+00:00,2100-12-31 00:00:00+00:00,Steiermark,True,True,,97,2007-07-24 00:00:00+00:00,,nein
15920,11280,Murau,47.11111,14.17694,816.0,1992-08-29 00:10:00+00:00,2100-12-31 00:00:00+00:00,Steiermark,True,True,,,,,nein
16015,11220,Neumarkt,47.06972,14.42472,869.0,1993-07-29 11:10:00+00:00,2100-12-31 00:00:00+00:00,Steiermark,True,True,,64,1993-08-01 00:00:00+00:00,,nein
16101,11365,Zeltweg,47.19983,14.74689,677.6,1992-08-29 00:10:00+00:00,2100-12-31 00:00:00+00:00,Steiermark,True,True,,115,1992-06-01 00:00:00+00:00,,nein
16308,11221,Köflach,47.070277,15.087222,465.0,2004-10-28 13:00:00+00:00,2100-12-31 00:00:00+00:00,Steiermark,True,True,,,,,nein
16400,11240,Graz Thalerhof Flughafen,46.98056,15.44,340.0,2006-01-01 00:00:00+00:00,2100-12-31 00:00:00+00:00,Steiermark,True,True,,,,,nein
16411,11242,St. Radegund,47.18211,15.48978,726.3,2002-07-31 14:20:00+00:00,2100-12-31 00:00:00+00:00,Steiermark,True,True,,94,1986-04-01 00:00:00+00:00,,nein
16412,11290,Graz-Universität,47.07767,15.44892,366.7,1992-08-29 00:10:00+00:00,2100-12-31 00:00:00+00:00,Steiermark,True,True,,30,1988-06-01 00:00:00+00:00,,nein
16413,11238,Graz/Strassgang,47.04611,15.41028,356.5,2006-01-01 00:00:00+00:00,2100-12-31 00:00:00+00:00,Steiermark,True,True,,,,,nein
16414,11291,Graz Universität/Heinrichstraße,47.08,15.448056,366.0,2022-09-01 00:00:00+00:00,2100-12-31 00:00:00+00:00,Steiermark,False,False,,30,2022-09-01 00:00:00+00:00,,nein
16421,11241,Schöckl,47.19861,15.46639,1443.0,1993-02-16 13:30:00+00:00,2100-12-31 00:00:00+00:00,Steiermark,True,True,,86,1993-01-01 00:00:00+00:00,,nein
16501,11247,Gleisdorf,47.11556,15.70806,377.3,2006-01-01 00:00:00+00:00,2100-12-31 00:00:00+00:00,Steiermark,True,True,,200,2008-01-01 00:00:00+00:00,,nein
16511,11292,Lassnitzhöhe,47.07361,15.59222,530.0,1992-08-29 00:10:00+00:00,2100-12-31 00:00:00+00:00,Steiermark,True,True,,53,1990-02-01 00:00:00+00:00,,nein
16521,11243,Weiz,47.218334,15.634444,465.7,2006-01-01 00:00:00+00:00,2013-05-28 00:00:00+00:00,Steiermark,True,True,,201,2007-12-01 00:00:00+00:00,2013-05-31 23:59:59+00:00,nein
16601,11246,Fürstenfeld,47.03083,16.08083,271.0,2006-01-01 00:00:00+00:00,2100-12-31 00:00:00+00:00,Steiermark,True,True,,154,2007-07-01 00:00:00+00:00,,nein
16702,11198,Güssing,47.0625,16.32186,215.3,2006-01-01 00:00:00+00:00,2100-12-31 00:00:00+00:00,Burgenland,True,True,,183,2008-07-01 00:00:00+00:00,,nein
16711,11392,Wörterberg,47.22619,16.09678,403.6,2006-01-01 00:00:00+00:00,2100-12-31 00:00:00+00:00,Burgenland,True,True,,202,2008-01-01 00:00:00+00:00,,nein
16800,11192,Kleinzicken,47.2075,16.326667,263.0,1994-04-07 11:20:00+00:00,2100-12-31 00:00:00+00:00,Burgenland,True,True,,49,1993-05-01 00:00:00+00:00,,nein
16905,8989071,Gaschurn,46.98583,10.02861,976.3,2006-01-01 00:00:00+00:00,2021-10-07 11:30:00+00:00,Vorarlberg,True,True,,,,,nein
16906,11108,Gaschurn,46.980278,10.031667,985.0,2020-09-01 11:10:00+00:00,2100-12-31 00:00:00+00:00,Vorarlberg,True,True,,,,,nein
17002,11312,Galtür,46.96806,10.18556,1587.0,1997-02-13 09:00:00+00:00,2100-12-31 00:00:00+00:00,Tirol,True,True,,28,1996-12-01 00:00:00+00:00,,nein
17005,11310,Ischgl-Idalpe,46.9825,10.31722,2327.0,1993-02-17 14:00:00+00:00,2100-12-31 00:00:00+00:00,Tirol,True,True,,,,,nein
17102,11113,Nauders,46.89111,10.49694,1330.2,2004-04-27 17:30:00+00:00,2100-12-31 00:00:00+00:00,Tirol,True,True,,121,2004-08-01 00:00:00+00:00,,nein
17301,11127,Obergurgl,46.86694,11.02444,1941.0,1999-01-04 11:20:00+00:00,2100-12-31 00:00:00+00:00,Tirol,True,True,,66,1999-01-01 00:00:00+00:00,,nein
17315,11316,Pitztaler Gletscher,46.92706,10.87914,2863.9,1993-12-09 12:20:00+00:00,2100-12-31 00:00:00+00:00,Tirol,True,True,,184,1994-01-01 00:00:00+00:00,,nein
17320,11318,Brunnenkogel,46.91278,10.86167,3437.0,2002-01-28 08:50:00+00:00,2100-12-31 00:00:00+00:00,Tirol,True,True,,,,,nein
17701,11300,St. Jakob/Def.,46.91694,12.35389,1383.0,2006-01-01 00:00:00+00:00,2100-12-31 00:00:00+00:00,Tirol,True,True,,185,2007-09-01 00:00:00+00:00,,nein
17901,11204,Lienz,46.82555,12.80639,661.0,1992-08-29 00:10:00+00:00,2100-12-31 00:00:00+00:00,Tirol,True,True,,55,1985-12-01 00:00:00+00:00,,nein
18001,11206,Döllach,46.95806,12.9025,1071.0,2004-05-25 17:20:00+00:00,2100-12-31 00:00:00+00:00,Kärnten,True,True,,137,2004-06-01 00:00:00+00:00,,nein
18111,11260,Mallnitz,46.99194,13.16667,1197.0,1992-08-29 00:10:00+00:00,2100-12-31 00:00:00+00:00,Kärnten,True,True,,149,2002-08-01 00:00:00+00:00,,nein
18121,11261,Obervellach,46.92889,13.22333,809.0,1996-02-28 13:00:00+00:00,2015-02-03 00:00:00+00:00,Kärnten,True,True,,69,1986-12-01 00:00:00+00:00,2014-12-31 23:59:59+00:00,nein
18122,11262,Obervellach,46.93528,13.19444,688.0,2006-01-01 00:00:00+00:00,2100-12-31 00:00:00+00:00,Kärnten,True,True,,69,2015-01-01 00:00:00+00:00,,nein
18210,11215,Millstatt,46.80806,13.57278,721.0,2005-04-27 12:40:00+00:00,2100-12-31 00:00:00+00:00,Kärnten,True,True,,62,1982-06-25 00:00:00+00:00,,nein
18225,11272,Spittal/Drau,46.7905,13.48725,541.7,1997-09-01 04:30:00+00:00,2100-12-31 00:00:00+00:00,Kärnten,True,True,,150,2004-11-01 00:00:00+00:00,,nein
18231,11273,Gmünd,46.90278,13.53417,738.4,2006-01-01 00:00:00+00:00,2100-12-31 00:00:00+00:00,Kärnten,True,True,,,,,nein
18402,11222,Flattnitz,46.94083,14.03611,1437.2,2006-01-01 00:00:00+00:00,2100-12-31 00:00:00+00:00,Kärnten,True,True,,186,2007-07-01 00:00:00+00:00,,nein
18502,11225,Weitensfeld,46.84917,14.19083,704.0,2006-01-01 00:00:00+00:00,2100-12-31 00:00:00+00:00,Kärnten,True,True,,103,2008-01-01 00:00:00+00:00,,nein
18601,11228,Friesach,46.95861,14.40583,640.0,2006-01-01 00:00:00+00:00,2100-12-31 00:00:00+00:00,Kärnten,True,True,,187,2008-01-01 00:00:00+00:00,,nein
18622,11237,St. Veit an der Glan,46.73917,14.38556,462.6,2006-01-01 00:00:00+00:00,2100-12-31 00:00:00+00:00,Kärnten,True,True,,95,2008-01-01 00:00:00+00:00,,nein
18705,11229,St. Andrä/Lavanttal,46.76417,14.82806,403.0,1993-11-16 15:50:00+00:00,2100-12-31 00:00:00+00:00,Kärnten,True,True,,90,1993-03-11 00:00:00+00:00,,nein
18805,11214,Preitenegg,46.938333,14.920278,1059.0,1993-08-05 07:10:00+00:00,2100-12-31 00:00:00+00:00,Kärnten,True,True,,71,1994-01-01 00:00:00+00:00,,nein
18905,11285,Deutschlandsberg,46.82167,15.22889,354.0,1994-10-24 13:30:00+00:00,2001-04-30 23:50:00+00:00,Steiermark,True,False,,116,1995-08-01 00:00:00+00:00,2001-04-30 23:59:59+00:00,nein
18906,11285,Deutschlandsberg,46.82167,15.22694,354.0,2001-05-01 00:00:00+00:00,2100-12-31 00:00:00+00:00,Steiermark,True,True,,116,2001-05-01 00:00:00+00:00,,nein
19021,11296,Leibnitz - Wagna,46.76739,15.55289,267.9,2003-11-03 12:10:00+00:00,2100-12-31 00:00:00+00:00,Steiermark,True,True,,54,2003-11-01 00:00:00+00:00,,nein
19204,11244,Bad Gleichenberg,46.87222,15.90361,269.0,2003-04-08 16:10:00+00:00,2100-12-31 00:00:00+00:00,Steiermark,True,True,,8,2003-04-19 00:00:00+00:00,,nein
19205,11298,Feldbach,46.94889,15.87972,323.0,1999-08-16 09:30:00+00:00,2100-12-31 00:00:00+00:00,Steiermark,True,True,,,,,nein
19505,11201,Sillian,46.74644,12.42358,1081.4,1997-03-04 13:20:00+00:00,2100-12-31 00:00:00+00:00,Tirol,True,True,,130,1999-10-01 00:00:00+00:00,,nein
19700,11270,Dellach,46.74189,13.08286,628.2,1995-11-15 12:20:00+00:00,2100-12-31 00:00:00+00:00,Kärnten,True,False,,19,1983-05-01 00:00:00+00:00,,nein
19711,11086,Kornat,46.685001,12.888889,990.0,2017-05-23 00:00:00+00:00,2100-12-31 00:00:00+00:00,Kärnten,True,True,,,,,nein
19720,11255,Kötschach-Mauthen,46.67638,12.99833,705.0,1992-08-29 00:10:00+00:00,2100-12-31 00:00:00+00:00,Kärnten,True,True,,,,,nein
19821,11263,Weissensee-Gatschach,46.71861,13.28583,949.0,1992-12-15 12:50:00+00:00,2100-12-31 00:00:00+00:00,Kärnten,True,True,,102,1982-11-01 00:00:00+00:00,,nein
19911,11259,Hermagor,46.60972,13.49222,561.6,2006-01-01 00:00:00+00:00,2100-12-31 00:00:00+00:00,Kärnten,True,True,,,,,nein
20002,11218,Bad Bleiberg,46.62528,13.68444,908.7,2006-01-01 00:00:00+00:00,2100-12-31 00:00:00+00:00,Kärnten,True,True,,6,2007-10-01 00:00:00+00:00,,nein
20011,11226,Fresach,46.71528,13.68528,683.0,2006-01-01 00:00:00+00:00,2100-12-31 00:00:00+00:00,Kärnten,True,True,,203,2008-10-01 00:00:00+00:00,,nein
20021,11265,Villacher Alpe,46.60361,13.67278,2117.0,1997-08-31 16:50:00+00:00,2100-12-31 00:00:00+00:00,Kärnten,True,True,,,,,nein
20101,11216,Kanzelhöhe,46.67722,13.90194,1520.0,2001-11-01 00:10:00+00:00,2100-12-31 00:00:00+00:00,Kärnten,True,True,,122,2002-01-01 00:00:00+00:00,,nein
20105,11275,Arriach,46.72769,13.85244,890.2,2005-01-19 13:40:00+00:00,2100-12-31 00:00:00+00:00,Kärnten,True,True,,,,,nein
20123,11213,Villach-Stadt,46.61806,13.87389,493.0,1994-06-15 11:50:00+00:00,2100-12-31 00:00:00+00:00,Kärnten,True,True,,100,1993-12-01 00:00:00+00:00,,nein
20202,11235,Ferlach,46.53111,14.31417,459.1,2006-01-01 00:00:00+00:00,2100-12-31 00:00:00+00:00,Kärnten,True,True,,120,2008-01-01 00:00:00+00:00,,nein
20209,8989076,Klagenfurt/HTL1-Lastenstraße,46.61944,14.316667,441.0,2021-04-21 15:20:00+00:00,2100-12-31 00:00:00+00:00,Kärnten,True,True,,,,,nein
20211,11231,Klagenfurt Flughafen,46.65001,14.33333,477.0,1992-11-26 11:30:00+00:00,1996-08-31 23:50:00+00:00,Kärnten,True,True,,48,1991-04-01 00:00:00+00:00,1996-08-31 23:59:59+00:00,nein
20212,11331,Klagenfurt Flughafen,46.64833,14.31833,450.0,1996-09-01 00:00:00+00:00,2100-12-31 00:00:00+00:00,Kärnten,True,True,,48,1996-09-01 00:00:00+00:00,,nein
20220,11278,Pörtschach,46.63083,14.16528,450.0,1996-12-10 11:00:00+00:00,2100-12-31 00:00:00+00:00,Kärnten,True,True,,198,1982-10-01 00:00:00+00:00,,nein
20270,11227,Feldkirchen,46.72194,14.09694,546.4,1995-05-04 11:50:00+00:00,2100-12-31 00:00:00+00:00,Kärnten,True,True,,,,,nein
20408,11224,Völkermarkt,46.661388,14.618611,473.1,2008-07-23 00:10:00+00:00,2015-10-14 00:00:00+00:00,Kärnten,True,True,,188,2008-07-23 00:00:00+00:00,2015-10-13 23:59:59+00:00,nein
20411,11257,Völkermarkt-Goldbrunnhof,46.670834,14.639167,466.0,2015-10-20 00:10:00+00:00,2100-12-31 00:00:00+00:00,Kärnten,True,True,,188,2015-10-20 00:00:00+00:00,,nein
20412,11232,Feistritz ob Bleiburg,46.561389,14.765,523.0,2006-01-01 00:00:00+00:00,2100-12-31 00:00:00+00:00,Kärnten,True,True,,91,2007-09-01 00:00:00+00:00,,nein
20901,11248,Bad Radkersburg,46.68667,15.97861,208.0,1992-08-29 00:10:00+00:00,2000-06-08 00:00:00+00:00,Steiermark,True,True,,11,1992-08-01 00:00:00+00:00,2000-12-31 23:59:59+00:00,nein
20902,11248,Bad Radkersburg,46.68583,15.97944,209.8,2001-02-22 10:10:00+00:00,2016-04-07 00:00:00+00:00,Steiermark,True,True,,11,2001-02-01 00:00:00+00:00,2016-03-31 23:59:59+00:00,nein
20903,11264,Bad Radkersburg,46.69222,15.99333,207.0,2016-04-07 00:10:00+00:00,2100-12-31 00:00:00+00:00,Steiermark,True,True,,11,2016-04-01 00:00:00+00:00,,nein
21101,11217,Loibl/Tunnel,46.44389,14.24917,1096.9,2006-01-01 00:00:00+00:00,2100-12-31 00:00:00+00:00,Kärnten,True,True,,206,2008-01-01 00:00:00+00:00,,nein
21300,11234,Bad Eisenkappel,46.49056,14.59333,623.0,1992-08-29 00:10:00+00:00,2100-12-31 00:00:00+00:00,Kärnten,True,True,,21,1983-01-01 00:00:00+00:00,,nein
